id,latitude,longitude,name,type,color
1,19.5095,-99.1989,Optyk,Bimbo,00529d
2,19.4819,-99.199,Optyk,Bimbo,00529d
3,19.503,-99.188,Fossiel,Bimbo,00529d
4,19.5086,-99.2028,Accidency,Bimbo,00529d
5,19.4905,-99.2027,Tetak,Bimbo,00529d
6,19.4858,-99.2013,Namegen,Bimbo,00529d
7,19.4996,-99.1944,Digirang,Bimbo,00529d
8,19.4859,-99.1904,Poochies,Bimbo,00529d
9,19.4916,-99.2052,Cemention,Bimbo,00529d
10,19.4989,-99.1996,Buzzworks,Bimbo,00529d
11,19.5104,-99.1858,Locazone,Bimbo,00529d
12,19.4894,-99.1922,Zentix,Bimbo,00529d
13,19.5102,-99.1932,Zerbina,Bimbo,00529d
14,19.4783,-99.2098,Frolix,Bimbo,00529d
15,19.4924,-99.1948,Optyk,Bimbo,00529d
16,19.4793,-99.2097,Rotodyne,Bimbo,00529d
17,19.5028,-99.18,Isologics,Bimbo,00529d
18,19.5103,-99.1962,Rotodyne,Bimbo,00529d
19,19.486,-99.1839,Grainspot,Bimbo,00529d
20,19.4773,-99.2073,Handshake,Bimbo,00529d
21,19.4949,-99.1843,Ziore,Bimbo,00529d
22,19.4744,-99.1941,Intradisk,Bimbo,00529d
23,19.5042,-99.1868,Pivitol,Bimbo,00529d
24,19.486,-99.1907,Gynko,Bimbo,00529d
25,19.4914,-99.2,Aeora,Bimbo,00529d
26,19.5069,-99.1834,Yogasm,Bimbo,00529d
27,19.4953,-99.1978,Ceprene,Bimbo,00529d
28,19.4946,-99.2071,Acium,Bimbo,00529d
29,19.4879,-99.1862,Insource,Bimbo,00529d
30,19.5104,-99.1911,Orbean,Bimbo,00529d
31,19.4949,-99.1932,Gluid,Bimbo,00529d
32,19.5069,-99.1876,Comverges,Bimbo,00529d
33,19.5051,-99.2072,Accel,Bimbo,00529d
34,19.4853,-99.1839,Artiq,Bimbo,00529d
35,19.4966,-99.2028,Idego,Bimbo,00529d
36,19.48,-99.2082,Aquasure,Bimbo,00529d
37,19.4926,-99.2001,Yurture,Bimbo,00529d
38,19.4966,-99.2029,Enersave,Bimbo,00529d
39,19.5015,-99.2033,Isologics,Bimbo,00529d
40,19.4791,-99.2034,Bicol,Bimbo,00529d
41,19.4789,-99.185,Gazak,Bimbo,00529d
42,19.5013,-99.1837,Zilladyne,Bimbo,00529d
43,19.4878,-99.1965,Infotrips,Bimbo,00529d
44,19.505,-99.1959,Kiggle,Bimbo,00529d
45,19.4763,-99.185,Isologics,Bimbo,00529d
46,19.479,-99.2054,Enormo,Bimbo,00529d
47,19.4991,-99.1918,Silodyne,Bimbo,00529d
48,19.4857,-99.1967,Colaire,Bimbo,00529d
49,19.5085,-99.1989,Codax,Bimbo,00529d
50,19.493,-99.1982,Genesynk,Bimbo,00529d
51,19.5107,-99.196,Bovis,Bimbo,00529d
52,19.4794,-99.195,Geekosis,Bimbo,00529d
53,19.4767,-99.2113,Motovate,Bimbo,00529d
54,19.4961,-99.2085,Automon,Bimbo,00529d
55,19.4876,-99.2089,Isoswitch,Bimbo,00529d
56,19.4762,-99.1987,Miracula,Bimbo,00529d
57,19.4821,-99.2061,Imaginart,Bimbo,00529d
58,19.4944,-99.1952,Senmao,Bimbo,00529d
59,19.4912,-99.1861,Ludak,Bimbo,00529d
60,19.4829,-99.2004,Imageflow,Bimbo,00529d
61,19.5016,-99.2089,Aclima,Bimbo,00529d
62,19.5051,-99.2111,Halap,Bimbo,00529d
63,19.4854,-99.2088,Synkgen,Bimbo,00529d
64,19.4979,-99.2103,Songlines,Bimbo,00529d
65,19.5032,-99.2079,Vendblend,Bimbo,00529d
66,19.476,-99.2115,Kyagoro,Bimbo,00529d
67,19.4888,-99.1925,Baluba,Bimbo,00529d
68,19.4807,-99.1944,Buzzopia,Bimbo,00529d
69,19.5093,-99.1807,Anocha,Bimbo,00529d
70,19.4885,-99.2024,Recritube,Bimbo,00529d
71,19.5067,-99.2015,Gallaxia,Bimbo,00529d
72,19.4783,-99.1864,Zboo,Bimbo,00529d
73,19.4756,-99.179,Waterbaby,Bimbo,00529d
74,19.4771,-99.1915,Viasia,Bimbo,00529d
75,19.504,-99.1789,Isbol,Bimbo,00529d
76,19.4929,-99.1992,Nexgene,Bimbo,00529d
77,19.4827,-99.1925,Pulze,Bimbo,00529d
78,19.4887,-99.1963,Geekmosis,Bimbo,00529d
79,19.4835,-99.189,Zentia,Bimbo,00529d
80,19.492,-99.1964,Diginetic,Bimbo,00529d
81,19.4966,-99.2,Crustatia,Bimbo,00529d
82,19.4777,-99.18,Barkarama,Bimbo,00529d
83,19.5043,-99.1865,Vurbo,Bimbo,00529d
84,19.4992,-99.2017,Uneeq,Bimbo,00529d
85,19.4966,-99.1868,Eschoir,Bimbo,00529d
86,19.4754,-99.2042,Gushkool,Bimbo,00529d
87,19.4847,-99.1922,Progenex,Bimbo,00529d
88,19.4807,-99.1852,Mixers,Bimbo,00529d
89,19.5011,-99.2064,Comvey,Bimbo,00529d
90,19.4927,-99.198,Krog,Bimbo,00529d
91,19.4757,-99.2062,Xleen,Bimbo,00529d
92,19.4931,-99.206,Xeronk,Bimbo,00529d
93,19.4994,-99.2005,Gorganic,Bimbo,00529d
94,19.4771,-99.1826,Applideck,Bimbo,00529d
95,19.4947,-99.186,Aquacine,Bimbo,00529d
96,19.4787,-99.184,Liquidoc,Bimbo,00529d
97,19.5055,-99.2069,Supportal,Bimbo,00529d
98,19.4753,-99.1894,Oulu,Bimbo,00529d
99,19.4917,-99.2082,Cosmosis,Bimbo,00529d
100,19.5106,-99.2024,Flyboyz,Bimbo,00529d
101,19.5047,-99.1964,Manglo,Bimbo,00529d
102,19.4978,-99.2065,Exosis,Bimbo,00529d
103,19.5036,-99.1893,Zenco,Bimbo,00529d
104,19.4849,-99.1872,Grok,Bimbo,00529d
105,19.4774,-99.1935,Geeky,Bimbo,00529d
106,19.5029,-99.205,Blurrybus,Bimbo,00529d
107,19.4929,-99.2068,Kneedles,Bimbo,00529d
108,19.5103,-99.1853,Futurity,Bimbo,00529d
109,19.5106,-99.2019,Farmex,Bimbo,00529d
110,19.5092,-99.2093,Deminimum,Bimbo,00529d
111,19.5032,-99.2003,Kinetica,Bimbo,00529d
112,19.4942,-99.1849,Pyramia,Bimbo,00529d
113,19.4759,-99.1794,Pawnagra,Bimbo,00529d
114,19.5021,-99.1839,Xsports,Bimbo,00529d
115,19.4802,-99.1849,Ecstasia,Bimbo,00529d
116,19.4751,-99.2013,Steelfab,Bimbo,00529d
117,19.5006,-99.1789,Gogol,Bimbo,00529d
118,19.5073,-99.1942,Exozent,Bimbo,00529d
119,19.4876,-99.2094,Vicon,Bimbo,00529d
120,19.4777,-99.1999,Overplex,Bimbo,00529d
121,19.4788,-99.2107,Futuris,Bimbo,00529d
122,19.5004,-99.1786,Zaggles,Bimbo,00529d
123,19.5052,-99.1838,Bostonic,Bimbo,00529d
124,19.4816,-99.1893,Enjola,Bimbo,00529d
125,19.5021,-99.1957,Newcube,Bimbo,00529d
126,19.491,-99.2098,Signidyne,Bimbo,00529d
127,19.5108,-99.187,Comdom,Bimbo,00529d
128,19.502,-99.1943,Vantage,Bimbo,00529d
129,19.4966,-99.1835,Martgo,Bimbo,00529d
130,19.5087,-99.2031,Katakana,Bimbo,00529d
131,19.5063,-99.1808,Primordia,Bimbo,00529d
132,19.5042,-99.194,Asimiline,Bimbo,00529d
133,19.5052,-99.1789,Bisba,Bimbo,00529d
134,19.4826,-99.2036,Turnabout,Bimbo,00529d
135,19.4774,-99.1857,Isotronic,Bimbo,00529d
136,19.5001,-99.193,Kegular,Bimbo,00529d
137,19.5073,-99.1821,Twiggery,Bimbo,00529d
138,19.499,-99.2064,Sentia,Bimbo,00529d
139,19.4835,-99.1928,Earwax,Bimbo,00529d
140,19.4894,-99.1941,Voipa,Bimbo,00529d
141,19.4775,-99.183,Dancerity,Bimbo,00529d
142,19.496,-99.2031,Nurali,Epura,BEF781
143,19.4987,-99.2032,Zolarex,Epura,BEF781
144,19.501,-99.2031,Vertide,Epura,BEF781
145,19.51,-99.2112,Datagene,Epura,BEF781
146,19.4808,-99.2036,Noralex,Epura,BEF781
147,19.5007,-99.2059,Songlines,Epura,BEF781
148,19.4798,-99.1851,Concility,Epura,BEF781
149,19.4915,-99.2021,Prowaste,Epura,BEF781
150,19.4822,-99.1943,Quarex,Epura,BEF781
151,19.4772,-99.1791,Kyagoro,Epura,BEF781
152,19.5109,-99.1905,Harmoney,Epura,BEF781
153,19.5057,-99.2029,Flotonic,Epura,BEF781
154,19.4802,-99.1806,Organica,Epura,BEF781
155,19.4987,-99.1959,Globoil,Epura,BEF781
156,19.4794,-99.2088,Pearlesex,Epura,BEF781
157,19.506,-99.1912,Flumbo,Epura,BEF781
158,19.4916,-99.1964,Xerex,Epura,BEF781
159,19.478,-99.1887,Voipa,Epura,BEF781
160,19.4965,-99.1985,Neteria,Epura,BEF781
161,19.4841,-99.1917,Shopabout,Epura,BEF781
162,19.5089,-99.1802,Accufarm,Epura,BEF781
163,19.4926,-99.2097,Velity,Epura,BEF781
164,19.4955,-99.1904,Oronoko,Epura,BEF781
165,19.492,-99.2042,Calcu,Epura,BEF781
166,19.4757,-99.1838,Genmom,Epura,BEF781
167,19.5109,-99.2086,Infotrips,Epura,BEF781
168,19.4762,-99.2004,Equitax,Epura,BEF781
169,19.4918,-99.1975,Progenex,Epura,BEF781
170,19.5095,-99.1958,Assistia,Epura,BEF781
171,19.5058,-99.1943,Comstruct,Epura,BEF781
172,19.4893,-99.2042,Limozen,Epura,BEF781
173,19.5023,-99.1831,Optique,Epura,BEF781
174,19.5097,-99.2026,Snacktion,Epura,BEF781
175,19.503,-99.1908,Ecratic,Epura,BEF781
176,19.5055,-99.2075,Equitox,Epura,BEF781
177,19.4777,-99.1961,Qimonk,Epura,BEF781
178,19.5,-99.1867,Pathways,Epura,BEF781
179,19.4907,-99.2084,Qot,Epura,BEF781
180,19.5004,-99.2086,Lotron,Epura,BEF781
181,19.5051,-99.1944,Applica,Epura,BEF781
182,19.4988,-99.2059,Quizka,Epura,BEF781
183,19.5013,-99.21,Zounds,Epura,BEF781
184,19.4991,-99.2085,Fuelton,Epura,BEF781
185,19.5061,-99.2016,Isopop,Epura,BEF781
186,19.4799,-99.185,Accuprint,Epura,BEF781
187,19.4967,-99.1905,Techade,Epura,BEF781
188,19.4837,-99.2087,Pivitol,Epura,BEF781
189,19.5016,-99.1888,Besto,Epura,BEF781
190,19.5027,-99.1839,Olympix,Epura,BEF781
191,19.5007,-99.2035,Netur,Epura,BEF781
192,19.4963,-99.1812,Callflex,Epura,BEF781
193,19.4769,-99.1881,Orbalix,Epura,BEF781
194,19.4764,-99.1917,Dognosis,Epura,BEF781
195,19.5007,-99.2045,Snips,Epura,BEF781
196,19.5079,-99.2062,Zaj,Epura,BEF781
197,19.4962,-99.1849,Zolarity,Epura,BEF781
198,19.4789,-99.1797,Enthaze,Epura,BEF781
199,19.5054,-99.2072,Unq,Epura,BEF781
200,19.489,-99.1986,Malathion,Epura,BEF781
201,19.4944,-99.1818,Assitia,Epura,BEF781
202,19.4813,-99.1831,Comveyor,Epura,BEF781
203,19.4772,-99.1944,Magnemo,Epura,BEF781
204,19.4905,-99.1855,Intrawear,Epura,BEF781
205,19.4822,-99.1801,Sensate,Epura,BEF781
206,19.4824,-99.179,Orbin,Epura,BEF781
207,19.4867,-99.1795,Medalert,Epura,BEF781
208,19.4821,-99.1904,Iplax,Epura,BEF781
209,19.4943,-99.2036,Sportan,Epura,BEF781
210,19.4928,-99.1826,Dognost,Epura,BEF781
211,19.49,-99.189,Exospace,Epura,BEF781
212,19.4785,-99.205,Xleen,Epura,BEF781
213,19.4867,-99.2055,Virva,Epura,BEF781
214,19.4839,-99.2017,Daido,Epura,BEF781
215,19.4931,-99.2082,Kengen,Epura,BEF781
216,19.4813,-99.2042,Fiberox,Epura,BEF781
217,19.491,-99.2045,Scenty,Epura,BEF781
218,19.4953,-99.1862,Biotica,Epura,BEF781
219,19.4952,-99.1908,Ohmnet,Epura,BEF781
220,19.5108,-99.1911,Ecrater,Epura,BEF781
221,19.4909,-99.206,Indexia,Epura,BEF781
222,19.5075,-99.206,Zillatide,Epura,BEF781
223,19.4824,-99.1975,Ezent,Epura,BEF781
224,19.4764,-99.203,Trasola,Epura,BEF781
225,19.4858,-99.1902,Gronk,Epura,BEF781
226,19.4865,-99.2007,Ezentia,Epura,BEF781
227,19.4781,-99.1796,Prosely,Epura,BEF781
228,19.4814,-99.1844,Corpulse,Epura,BEF781
229,19.4867,-99.1879,Injoy,Epura,BEF781
230,19.4946,-99.2045,Gynko,Epura,BEF781
231,19.476,-99.1942,Enomen,Epura,BEF781
232,19.4858,-99.2049,Endipin,Epura,BEF781
233,19.4881,-99.1912,Bostonic,Epura,BEF781
234,19.4835,-99.2109,Amril,Epura,BEF781
235,19.5014,-99.2055,Plasmos,Epura,BEF781
236,19.4978,-99.2031,Comvex,Epura,BEF781
237,19.497,-99.1792,Skyplex,Epura,BEF781
238,19.4944,-99.2089,Shepard,Epura,BEF781
239,19.5055,-99.18,Octocore,Epura,BEF781
240,19.4847,-99.1888,Comvey,Epura,BEF781
241,19.4751,-99.2099,Comtrak,Epura,BEF781
242,19.4798,-99.2073,Extragene,Epura,BEF781
243,19.4812,-99.2106,Signidyne,Epura,BEF781
244,19.4807,-99.205,Twiist,Epura,BEF781
245,19.4892,-99.179,Colaire,Epura,BEF781
246,19.5009,-99.1889,Zytrac,Epura,BEF781
247,19.4851,-99.1984,Tasmania,Epura,BEF781
248,19.4991,-99.2073,Elita,Epura,BEF781
249,19.497,-99.1979,Viagrand,Epura,BEF781
250,19.4902,-99.1902,Comtrail,Epura,BEF781
251,19.5052,-99.1879,Premiant,Epura,BEF781
252,19.4984,-99.212,Utarian,Epura,BEF781
253,19.4982,-99.1948,Rodeology,Epura,BEF781
254,19.4925,-99.1864,Pharmex,Epura,BEF781
255,19.4808,-99.1985,Enervate,Epura,BEF781
256,19.4895,-99.2109,Zenthall,Epura,BEF781
257,19.4823,-99.1901,Zogak,Epura,BEF781
258,19.5022,-99.2103,Zorromop,Epura,BEF781
259,19.4865,-99.2008,Biohab,Epura,BEF781
260,19.485,-99.205,Exposa,Epura,BEF781
261,19.4943,-99.1833,Norali,Epura,BEF781
262,19.4916,-99.1955,Mangelica,Epura,BEF781
263,19.5065,-99.1867,Papricut,Epura,BEF781
264,19.4842,-99.2033,Quiltigen,Epura,BEF781
265,19.5079,-99.1797,Knowlysis,Epura,BEF781
266,19.4766,-99.2091,Beadzza,Epura,BEF781
267,19.4788,-99.211,Zilidium,Epura,BEF781
268,19.5086,-99.1824,Aquacine,Epura,BEF781
269,19.4973,-99.2065,Gadtron,Epura,BEF781
270,19.4935,-99.2055,Aquafire,Epura,BEF781
271,19.4973,-99.1907,Maxemia,Epura,BEF781
272,19.4761,-99.2068,Genekom,Epura,BEF781
273,19.4943,-99.1972,Strozen,Epura,BEF781
274,19.4747,-99.2063,Kinetica,Epura,BEF781
275,19.5069,-99.2022,Ecolight,Epura,BEF781
276,19.4805,-99.1879,Isologia,Pepsi,F7819F
277,19.5077,-99.1961,Radiantix,Pepsi,F7819F
278,19.5001,-99.2037,Bullzone,Pepsi,F7819F
279,19.4762,-99.1859,Medalert,Pepsi,F7819F
280,19.4917,-99.2073,Ecolight,Pepsi,F7819F
281,19.4798,-99.2051,Kinetica,Pepsi,F7819F
282,19.4851,-99.1867,Newcube,Pepsi,F7819F
283,19.5012,-99.1994,Gushkool,Pepsi,F7819F
284,19.4968,-99.1914,Isoswitch,Pepsi,F7819F
285,19.4953,-99.2085,Capscreen,Pepsi,F7819F
286,19.5104,-99.1933,Strezzo,Pepsi,F7819F
287,19.486,-99.2059,Ginkogene,Pepsi,F7819F
288,19.4995,-99.1802,Buzzopia,Pepsi,F7819F
289,19.4898,-99.2082,Qualitern,Pepsi,F7819F
290,19.4806,-99.2022,Icology,Pepsi,F7819F
291,19.4897,-99.1802,Rockyard,Pepsi,F7819F
292,19.4937,-99.1981,Katakana,Pepsi,F7819F
293,19.4782,-99.1996,Hivedom,Pepsi,F7819F
294,19.5103,-99.2108,Poochies,Pepsi,F7819F
295,19.5022,-99.2055,Realmo,Pepsi,F7819F
296,19.5094,-99.184,Calcula,Pepsi,F7819F
297,19.5067,-99.1822,Isotrack,Pepsi,F7819F
298,19.475,-99.1896,Zialactic,Pepsi,F7819F
299,19.4987,-99.2104,Isoplex,Pepsi,F7819F
300,19.4748,-99.1835,Orbin,Pepsi,F7819F
301,19.5007,-99.2007,Konnect,Pepsi,F7819F
302,19.4988,-99.1787,Enomen,Pepsi,F7819F
303,19.4891,-99.18,Zilencio,Pepsi,F7819F
304,19.4939,-99.1938,Minga,Pepsi,F7819F
305,19.4767,-99.1949,Jamnation,Pepsi,F7819F
306,19.5084,-99.1988,Fanfare,Pepsi,F7819F
307,19.4992,-99.1802,Comvoy,Pepsi,F7819F
308,19.4756,-99.2,Enersave,Pepsi,F7819F
309,19.4984,-99.1861,Balooba,Pepsi,F7819F
310,19.4934,-99.204,Pharmex,Pepsi,F7819F
311,19.5049,-99.1991,Kineticut,Pepsi,F7819F
312,19.5029,-99.1937,Digigene,Pepsi,F7819F
313,19.4946,-99.2062,Skybold,Pepsi,F7819F
314,19.4836,-99.1823,Plasto,Pepsi,F7819F
315,19.4865,-99.1838,Corepan,Pepsi,F7819F
316,19.4896,-99.2053,Orbean,Pepsi,F7819F
317,19.4925,-99.1924,Plexia,Pepsi,F7819F
318,19.5016,-99.2117,Zizzle,Pepsi,F7819F
319,19.4997,-99.1804,Terrago,Pepsi,F7819F
320,19.4846,-99.1923,Gogol,Pepsi,F7819F
321,19.4747,-99.2074,Multron,Pepsi,F7819F
322,19.5002,-99.1996,Biflex,Pepsi,F7819F
323,19.475,-99.1871,Malathion,Pepsi,F7819F
324,19.5081,-99.2,Zanity,Pepsi,F7819F
325,19.4881,-99.2001,Darwinium,Pepsi,F7819F
326,19.4787,-99.1872,Zenthall,Pepsi,F7819F
327,19.4747,-99.2104,Filodyne,Pepsi,F7819F
328,19.495,-99.1816,Deviltoe,Pepsi,F7819F
329,19.4983,-99.2121,Sportan,Pepsi,F7819F
330,19.5032,-99.1805,Joviold,Pepsi,F7819F
331,19.4851,-99.2083,Inrt,Pepsi,F7819F
332,19.4909,-99.1878,Comtent,Pepsi,F7819F
333,19.4943,-99.1805,Liquidoc,Pepsi,F7819F
334,19.4895,-99.1824,Freakin,Pepsi,F7819F
335,19.4871,-99.2116,Zilladyne,Pepsi,F7819F
336,19.4946,-99.1992,Extragene,Pepsi,F7819F
337,19.4884,-99.2118,Austech,Pepsi,F7819F
338,19.4895,-99.1826,Zolavo,Pepsi,F7819F
339,19.5034,-99.193,Snowpoke,Pepsi,F7819F
340,19.494,-99.181,Luxuria,Pepsi,F7819F
341,19.5062,-99.2071,Interfind,Pepsi,F7819F
342,19.5018,-99.2021,Overfork,Pepsi,F7819F
343,19.4937,-99.2035,Earthmark,Pepsi,F7819F
344,19.4994,-99.1894,Zogak,Pepsi,F7819F
345,19.5088,-99.1933,Futurity,Pepsi,F7819F
346,19.4884,-99.1985,Euron,Pepsi,F7819F
347,19.5039,-99.1793,Venoflex,Pepsi,F7819F
348,19.5011,-99.1875,Naxdis,Pepsi,F7819F
349,19.5063,-99.2037,Insuron,Pepsi,F7819F
350,19.4795,-99.1878,Interloo,Pepsi,F7819F
351,19.4892,-99.2082,Apexia,Pepsi,F7819F
352,19.5093,-99.2069,Qualitex,Pepsi,F7819F
353,19.5089,-99.1866,Datagen,Pepsi,F7819F
354,19.5001,-99.1913,Xanide,Pepsi,F7819F
355,19.478,-99.1937,Neteria,Pepsi,F7819F
356,19.5105,-99.1902,Escenta,Pepsi,F7819F
357,19.4908,-99.1947,Thredz,Pepsi,F7819F
358,19.5025,-99.1822,Grainspot,Pepsi,F7819F
359,19.4867,-99.1879,Kidstock,Pepsi,F7819F
360,19.4784,-99.1937,Exoswitch,Pepsi,F7819F
361,19.4956,-99.2114,Papricut,Pepsi,F7819F
362,19.4934,-99.184,Zoarere,Pepsi,F7819F
363,19.4914,-99.187,Quadeebo,Pepsi,F7819F
364,19.4895,-99.1963,Frosnex,Pepsi,F7819F
365,19.4751,-99.1883,Uplinx,Pepsi,F7819F
366,19.4782,-99.1838,Dognost,Pepsi,F7819F
367,19.4893,-99.189,Aquasseur,Pepsi,F7819F
368,19.4982,-99.184,Exerta,Pepsi,F7819F
369,19.4898,-99.1951,Magnemo,Pepsi,F7819F
370,19.4967,-99.1897,Autograte,Pepsi,F7819F
371,19.4909,-99.1997,Hopeli,Pepsi,F7819F
372,19.5085,-99.1911,Lunchpad,Pepsi,F7819F
373,19.4937,-99.2088,Anocha,Pepsi,F7819F
374,19.4916,-99.1796,Hotcakes,Pepsi,F7819F
375,19.49,-99.2069,Phuel,Pepsi,F7819F
376,19.4805,-99.1811,Comstar,Pepsi,F7819F
377,19.4784,-99.1925,Exospeed,Pepsi,F7819F
378,19.4779,-99.2119,Pheast,Pepsi,F7819F
379,19.4769,-99.1889,Comtext,Pepsi,F7819F
380,19.4823,-99.201,Gynk,Pepsi,F7819F
381,19.4766,-99.1999,Tetratrex,Pepsi,F7819F
382,19.4788,-99.1869,Imkan,Pepsi,F7819F
383,19.5015,-99.1821,Portico,Pepsi,F7819F
384,19.4969,-99.2043,Beadzza,Pepsi,F7819F
385,19.4837,-99.1948,Comtest,Pepsi,F7819F
386,19.4959,-99.1791,Zolar,Pepsi,F7819F
387,19.5032,-99.1869,Pushcart,Pepsi,F7819F
388,19.499,-99.1871,Geekus,Pepsi,F7819F
389,19.4836,-99.2104,Vidto,Pepsi,F7819F
390,19.495,-99.1999,Isbol,Pepsi,F7819F
391,19.5083,-99.2078,Aclima,Pepsi,F7819F
392,19.4964,-99.195,Limage,Pepsi,F7819F
393,19.4894,-99.2047,Nutralab,Pepsi,F7819F
394,19.4844,-99.1984,Myopium,Pepsi,F7819F
395,19.4953,-99.1919,Sequitur,Pepsi,F7819F
396,19.4991,-99.1988,Roughies,Pepsi,F7819F
397,19.4936,-99.2011,Ecraze,Pepsi,F7819F
398,19.4951,-99.21,Goko,Pepsi,F7819F
399,19.4993,-99.2,Voipa,Pepsi,F7819F
400,19.5053,-99.189,Kongle,Pepsi,F7819F
401,19.4823,-99.1992,Intrawear,Pepsi,F7819F
402,19.4991,-99.1876,Norsup,Pepsi,F7819F
403,19.5105,-99.192,Boink,Pepsi,F7819F
404,19.4883,-99.1988,Geekosis,Pepsi,F7819F
405,19.4933,-99.2067,Xyqag,Pepsi,F7819F
406,19.4971,-99.1967,Comcubine,Pepsi,F7819F
407,19.4936,-99.2044,Premiant,Pepsi,F7819F
408,19.4963,-99.1973,Springbee,Pepsi,F7819F
409,19.4805,-99.2109,Marketoid,Pepsi,F7819F
410,19.4809,-99.1885,Equicom,Pepsi,F7819F
411,19.4791,-99.1839,Sulfax,Pepsi,F7819F
412,19.4817,-99.1949,Avit,Pepsi,F7819F
413,19.4976,-99.1986,Quailcom,Pepsi,F7819F
414,19.5072,-99.1835,Techtrix,Pepsi,F7819F
415,19.5094,-99.2067,Xth,Pepsi,F7819F
416,19.4747,-99.1822,Extro,Pepsi,F7819F
417,19.5096,-99.2003,Besto,Pepsi,F7819F
418,19.5099,-99.1855,Unq,Pepsi,F7819F
419,19.5012,-99.2003,Toyletry,Pepsi,F7819F
420,19.4839,-99.1925,Assitia,Pepsi,F7819F
421,19.4779,-99.1974,Telpod,Pepsi,F7819F
422,19.4773,-99.1802,Quilk,Pepsi,F7819F
423,19.4987,-99.2017,Printspan,Pepsi,F7819F
424,19.4817,-99.187,Comtrek,Pepsi,F7819F
425,19.4767,-99.1817,Quonata,Pepsi,F7819F
426,19.4813,-99.2085,Hatology,Pepsi,F7819F
427,19.5072,-99.1872,Primordia,Pepsi,F7819F
428,19.4854,-99.1955,Daido,Pepsi,F7819F
429,19.4989,-99.1798,Proflex,Pepsi,F7819F
430,19.5001,-99.2057,Syntac,Pepsi,F7819F
431,19.4764,-99.2041,Zentury,Pepsi,F7819F
432,19.4883,-99.192,Accusage,Pepsi,F7819F
433,19.505,-99.2031,Frenex,Pepsi,F7819F
434,19.5098,-99.2057,Genekom,Pepsi,F7819F
435,19.4895,-99.197,Medmex,Pepsi,F7819F
436,19.4836,-99.2016,Geekular,Pepsi,F7819F
437,19.4998,-99.1898,Dancity,Pepsi,F7819F
438,19.4928,-99.1955,Harmoney,Pepsi,F7819F
439,19.5069,-99.2079,Manglo,Pepsi,F7819F
440,19.48,-99.1873,Enervate,Pepsi,F7819F
441,19.4802,-99.1863,Zboo,Pepsi,F7819F
442,19.4927,-99.1801,Organica,Pepsi,F7819F
443,19.5047,-99.1886,Eargo,Pepsi,F7819F
444,19.4847,-99.1848,Quantalia,Pepsi,F7819F
445,19.4781,-99.1894,Accuprint,Pepsi,F7819F
446,19.4837,-99.2093,Eternis,Pepsi,F7819F
447,19.4821,-99.2087,Interodeo,Pepsi,F7819F
448,19.4896,-99.1814,Uberlux,Pepsi,F7819F
449,19.4831,-99.1989,Kog,Pepsi,F7819F
450,19.4861,-99.2019,Isotronic,Pepsi,F7819F
451,19.4958,-99.2034,Playce,Pepsi,F7819F
452,19.4983,-99.1849,Parcoe,Pepsi,F7819F
453,19.4769,-99.2051,Cytrex,Pepsi,F7819F
454,19.4914,-99.1999,Netplax,Pepsi,F7819F
455,19.4855,-99.1949,Exposa,Pepsi,F7819F
456,19.4991,-99.1897,Comdom,Pepsi,F7819F
457,19.4845,-99.1917,Eplode,Pepsi,F7819F
458,19.4927,-99.2097,Zyple,Pepsi,F7819F
459,19.4956,-99.2048,Bisba,Pepsi,F7819F
460,19.4839,-99.1814,Enthaze,Pepsi,F7819F
461,19.4827,-99.2017,Enquility,Pepsi,F7819F
462,19.4953,-99.201,Enormo,Pepsi,F7819F
463,19.4938,-99.211,Bezal,Pepsi,F7819F
464,19.4971,-99.1841,Futurize,Pepsi,F7819F
465,19.4952,-99.2011,Plutorque,Pepsi,F7819F
466,19.4963,-99.1853,Zosis,Pepsi,F7819F
467,19.4973,-99.1981,Xsports,Pepsi,F7819F
468,19.4918,-99.1948,Slumberia,Pepsi,F7819F
469,19.4772,-99.2021,Zenco,Pepsi,F7819F
470,19.4873,-99.1873,Zaphire,Pepsi,F7819F
471,19.5048,-99.184,Dognosis,Pepsi,F7819F
472,19.4958,-99.2099,Fossiel,Pepsi,F7819F
473,19.4883,-99.1907,Cipromox,Pepsi,F7819F
474,19.4845,-99.1925,Trasola,Pepsi,F7819F
475,19.4918,-99.1917,Zilch,Pepsi,F7819F
476,19.4959,-99.189,Lexicondo,Pepsi,F7819F
477,19.4778,-99.1882,Helixo,Pepsi,F7819F
478,19.4865,-99.1794,Assistix,Pepsi,F7819F
479,19.4866,-99.1886,Cofine,Pepsi,F7819F
480,19.4963,-99.2057,Bicol,Pepsi,F7819F
481,19.4919,-99.2105,Dogtown,Pepsi,F7819F
482,19.5054,-99.2023,Zaggles,Pepsi,F7819F
483,19.5042,-99.1954,Bytrex,Pepsi,F7819F
484,19.4876,-99.2099,Perkle,Pepsi,F7819F
485,19.5053,-99.1896,Kiosk,Pepsi,F7819F
486,19.4905,-99.1824,Zillan,Pepsi,F7819F
487,19.5038,-99.2103,Zenolux,Pepsi,F7819F
488,19.4964,-99.2018,Silodyne,Pepsi,F7819F
489,19.4918,-99.2001,Aeora,Pepsi,F7819F
490,19.4895,-99.1988,Flexigen,Pepsi,F7819F
491,19.4984,-99.1819,Irack,Pepsi,F7819F
492,19.4997,-99.2063,Medicroix,Pepsi,F7819F
493,19.5076,-99.1891,Hawkster,Pepsi,F7819F
494,19.498,-99.191,Zaj,Pepsi,F7819F
495,19.4871,-99.2044,Snorus,Pepsi,F7819F
496,19.5023,-99.1869,Stockpost,Pepsi,F7819F
497,19.4813,-99.1963,Extragen,Pepsi,F7819F
498,19.4932,-99.2049,Pholio,Pepsi,F7819F
499,19.507,-99.2118,Zillacon,Pepsi,F7819F
500,19.4957,-99.1805,Orbixtar,Pepsi,F7819F
501,19.4823,-99.2111,Opportech,Pepsi,F7819F
502,19.5011,-99.1973,Mixers,Pepsi,F7819F
503,19.4836,-99.1926,Opticom,Pepsi,F7819F
504,19.4909,-99.2085,Emoltra,Pepsi,F7819F
505,19.5109,-99.197,Zedalis,Pepsi,F7819F
506,19.4853,-99.2006,Omnigog,Pepsi,F7819F
507,19.4749,-99.1807,Scentric,Pepsi,F7819F
508,19.5107,-99.1808,Exosis,Pepsi,F7819F
509,19.4871,-99.2052,Limozen,Pepsi,F7819F
510,19.4892,-99.2066,Xurban,Pepsi,F7819F
511,19.5005,-99.2033,Uneeq,Pepsi,F7819F
512,19.4978,-99.193,Melbacor,Pepsi,F7819F
513,19.4744,-99.2034,Providco,Pepsi,F7819F
514,19.5095,-99.1844,Ultrasure,Pepsi,F7819F
515,19.5031,-99.1879,Xleen,Pepsi,F7819F
516,19.4959,-99.2001,Translink,Pepsi,F7819F
517,19.4835,-99.2006,Mangelica,Pepsi,F7819F
518,19.4863,-99.1856,Gracker,Pepsi,F7819F
519,19.4895,-99.192,Biospan,Pepsi,F7819F
520,19.4948,-99.1797,Comveyor,Pepsi,F7819F
521,19.5036,-99.1919,Buzzworks,Pepsi,F7819F
522,19.4985,-99.1998,Zanilla,Pepsi,F7819F
523,19.4962,-99.2064,Pharmacon,Pepsi,F7819F
524,19.4832,-99.1968,Sentia,Pepsi,F7819F
525,19.4926,-99.2004,Vertide,Pepsi,F7819F
526,19.5085,-99.189,Cytrek,Pepsi,F7819F
527,19.5096,-99.209,Ewaves,Pepsi,F7819F
528,19.5098,-99.2,Frolix,Pepsi,F7819F
529,19.4878,-99.1946,Emtrak,Pepsi,F7819F
530,19.4906,-99.203,Golistic,Pepsi,F7819F
531,19.4803,-99.1934,Zolavo,Pepsi,F7819F
532,19.489,-99.2027,Snowpoke,Pepsi,F7819F
533,19.5106,-99.2059,Luxuria,Pepsi,F7819F
534,19.4965,-99.1969,Interfind,Pepsi,F7819F
535,19.4811,-99.2015,Overfork,Pepsi,F7819F
536,19.4982,-99.2057,Earthmark,Pepsi,F7819F
537,19.4934,-99.1989,Zogak,Pepsi,F7819F
538,19.484,-99.1909,Futurity,Pepsi,F7819F
539,19.5081,-99.202,Euron,Pepsi,F7819F
540,19.4917,-99.187,Venoflex,Pepsi,F7819F
541,19.4812,-99.2028,Naxdis,Pepsi,F7819F
542,19.4787,-99.2063,Insuron,Pepsi,F7819F
543,19.486,-99.1847,Interloo,Pepsi,F7819F
544,19.4909,-99.1913,Apexia,Pepsi,F7819F
545,19.5007,-99.2103,Qualitex,Pepsi,F7819F
546,19.507,-99.2019,Datagen,Pepsi,F7819F
547,19.479,-99.1814,Xanide,Pepsi,F7819F
548,19.4979,-99.1905,Neteria,Pepsi,F7819F
549,19.4819,-99.1882,Escenta,Pepsi,F7819F
550,19.5071,-99.1866,Thredz,Pepsi,F7819F
551,19.4983,-99.1969,Grainspot,Pepsi,F7819F
552,19.4814,-99.2006,Kidstock,Pepsi,F7819F
553,19.505,-99.191,Exoswitch,Pepsi,F7819F
554,19.5061,-99.2056,Papricut,Pepsi,F7819F
555,19.4802,-99.1984,Zoarere,Pepsi,F7819F
556,19.4828,-99.2068,Quadeebo,Pepsi,F7819F
557,19.4915,-99.19,Frosnex,Pepsi,F7819F
558,19.476,-99.1897,Uplinx,Pepsi,F7819F
559,19.4755,-99.2023,Dognost,Pepsi,F7819F
560,19.5018,-99.1943,Aquasseur,Pepsi,F7819F
561,19.5009,-99.1905,Exerta,Pepsi,F7819F
562,19.5103,-99.1798,Permadyne,Pepsi,F7819F
563,19.4924,-99.1967,Digirang,Pepsi,F7819F
564,19.4851,-99.2085,Tubalum,Pepsi,F7819F
565,19.5032,-99.1837,Magnafone,Pepsi,F7819F
566,19.5064,-99.184,Flumbo,Pepsi,F7819F
567,19.4866,-99.1926,Exoteric,Pepsi,F7819F
568,19.4789,-99.1794,Polarax,Pepsi,F7819F
569,19.4769,-99.2098,Emtrac,Pepsi,F7819F
570,19.4836,-99.1788,Zidox,Pepsi,F7819F
571,19.5015,-99.195,Sarasonic,Pepsi,F7819F
572,19.4874,-99.2079,Speedbolt,Pepsi,F7819F
573,19.4992,-99.2023,Qaboos,Pepsi,F7819F
574,19.5082,-99.2005,Visualix,Pepsi,F7819F
575,19.4965,-99.198,Martgo,Pepsi,F7819F
576,19.4849,-99.1877,Baluba,Pepsi,F7819F
577,19.5008,-99.1983,Techmania,Pepsi,F7819F
578,19.4853,-99.1807,Enaut,Pepsi,F7819F
579,19.5088,-99.1787,Centice,Pepsi,F7819F
580,19.4901,-99.2077,Locazone,Pepsi,F7819F
581,19.4944,-99.2033,Slambda,Pepsi,F7819F
582,19.4969,-99.21,Concility,Pepsi,F7819F
583,19.4878,-99.1977,Furnitech,Pepsi,F7819F
584,19.4754,-99.2019,Anivet,Pepsi,F7819F
585,19.4779,-99.184,Barkarama,Pepsi,F7819F
586,19.4951,-99.1925,Gonkle,Pepsi,F7819F
587,19.4896,-99.208,Retrotex,Pepsi,F7819F
588,19.5045,-99.1847,Rodeology,Pepsi,F7819F
589,19.4936,-99.1913,Solgan,Pepsi,F7819F
590,19.5108,-99.2014,Ovium,Pepsi,F7819F
591,19.4838,-99.203,Furnigeer,Pepsi,F7819F
592,19.4836,-99.206,Bedder,Pepsi,F7819F
593,19.4996,-99.1918,Quintity,Pepsi,F7819F
594,19.4756,-99.2084,Unisure,Pepsi,F7819F
595,19.4893,-99.1972,Maximind,Pepsi,F7819F
596,19.4963,-99.1934,Verbus,Pepsi,F7819F
597,19.4745,-99.202,Miraclis,Pepsi,F7819F
598,19.4795,-99.2082,Renovize,Pepsi,F7819F
599,19.4907,-99.1794,Waretel,Pepsi,F7819F
600,19.4911,-99.1986,Digique,Pepsi,F7819F
601,19.491,-99.1893,Velos,Pepsi,F7819F
602,19.5048,-99.2008,Poshome,Pepsi,F7819F
603,19.4772,-99.2,Lovepad,Pepsi,F7819F
604,19.5014,-99.2032,Olucore,Pepsi,F7819F
605,19.5051,-99.1841,Musix,Pepsi,F7819F
606,19.493,-99.1868,Ceprene,Pepsi,F7819F
607,19.4761,-99.1884,Affluex,Pepsi,F7819F
608,19.4984,-99.207,Comtour,Pepsi,F7819F
609,19.4818,-99.1976,Lyrichord,Pepsi,F7819F
610,19.4811,-99.1874,Rodeocean,Pepsi,F7819F
611,19.4771,-99.1958,Pyramis,Pepsi,F7819F
612,19.5071,-99.1814,Orboid,Pepsi,F7819F
613,19.4959,-99.1978,Geekfarm,Pepsi,F7819F
614,19.493,-99.1838,Veraq,Pepsi,F7819F
615,19.5008,-99.2026,Dadabase,Pepsi,F7819F
616,19.4932,-99.2122,Homelux,Pepsi,F7819F
617,19.4778,-99.2053,Geostele,Pepsi,F7819F
618,19.5088,-99.1827,Conferia,Pepsi,F7819F
619,19.5012,-99.1908,Zerology,Pepsi,F7819F
620,19.4787,-99.1878,Viasia,Pepsi,F7819F
621,19.5087,-99.1941,Talae,Pepsi,F7819F
622,19.4824,-99.2049,Vendblend,Pepsi,F7819F
623,19.5017,-99.2053,Danja,Pepsi,F7819F
624,19.5101,-99.185,Bugsall,Pepsi,F7819F
625,19.498,-99.2071,Furnafix,Pepsi,F7819F
626,19.4797,-99.1801,Zytrac,Pepsi,F7819F
627,19.4855,-99.1992,Signity,Pepsi,F7819F
628,19.4892,-99.1913,Atgen,Pepsi,F7819F
629,19.4842,-99.1882,Intergeek,Pepsi,F7819F
630,19.4965,-99.1886,Exiand,Pepsi,F7819F
631,19.4864,-99.1985,Flyboyz,Pepsi,F7819F
632,19.5032,-99.1974,Pawnagra,Pepsi,F7819F
633,19.4902,-99.2085,Tetak,Pepsi,F7819F
634,19.4757,-99.1952,Gazak,Pepsi,F7819F
635,19.4994,-99.2084,Micronaut,Pepsi,F7819F
636,19.4853,-99.201,Ultrimax,Pepsi,F7819F
637,19.4984,-99.1886,Gronk,Pepsi,F7819F
638,19.5072,-99.1929,Telepark,Pepsi,F7819F
639,19.5069,-99.1841,Sultrax,Pepsi,F7819F
640,19.4942,-99.1893,Ovolo,Pepsi,F7819F
641,19.492,-99.1922,Paragonia,Pepsi,F7819F
642,19.4846,-99.1913,Acruex,Pepsi,F7819F
643,19.5052,-99.2091,Accufarm,Pepsi,F7819F
644,19.4901,-99.1844,Biolive,Pepsi,F7819F
645,19.4944,-99.1857,Isis,Pepsi,F7819F
646,19.4873,-99.2031,Tersanki,Pepsi,F7819F
647,19.5,-99.2001,Quotezart,Pepsi,F7819F
648,19.5099,-99.1894,Boilicon,Pepsi,F7819F
649,19.4858,-99.2107,Kindaloo,Pepsi,F7819F
650,19.4792,-99.1865,Centrexin,Pepsi,F7819F
651,19.5012,-99.1983,Spherix,Pepsi,F7819F
652,19.5105,-99.2064,Applideck,Pepsi,F7819F
653,19.5022,-99.1996,Roboid,Pepsi,F7819F
654,19.4991,-99.2082,Rodemco,Pepsi,F7819F
655,19.4831,-99.2067,Mazuda,Pepsi,F7819F
656,19.5057,-99.2005,Orbalix,Pepsi,F7819F
657,19.4977,-99.2114,Reversus,Pepsi,F7819F
658,19.4751,-99.2034,Matrixity,Pepsi,F7819F
659,19.4846,-99.2098,Biohab,Pepsi,F7819F
660,19.488,-99.1821,Teraprene,Pepsi,F7819F
661,19.4744,-99.1863,Plasmosis,Pepsi,F7819F
662,19.5035,-99.1944,Xinware,Pepsi,F7819F
663,19.5061,-99.2109,Acumentor,Pepsi,F7819F
664,19.509,-99.1993,Waterbaby,Pepsi,F7819F
665,19.4875,-99.1926,Endicil,Pepsi,F7819F
666,19.4756,-99.1892,Motovate,Pepsi,F7819F
667,19.5037,-99.2088,Sybixtex,Pepsi,F7819F
668,19.4812,-99.2065,Synkgen,Pepsi,F7819F
669,19.4763,-99.1815,Niquent,Pepsi,F7819F
670,19.4822,-99.186,Isologics,Pepsi,F7819F
671,19.4906,-99.202,Kongene,Pepsi,F7819F
672,19.4853,-99.2099,Multiflex,Pepsi,F7819F
673,19.4931,-99.1859,Qnekt,Pepsi,F7819F
674,19.5048,-99.2047,Comtrak,Pepsi,F7819F
675,19.4896,-99.1843,Polarium,Pepsi,F7819F
676,19.4956,-99.1872,Isoternia,Pepsi,F7819F
677,19.4954,-99.1919,Dyno,Pepsi,F7819F
678,19.4745,-99.1936,Rotodyne,Pepsi,F7819F
679,19.485,-99.2069,Injoy,Pepsi,F7819F
680,19.4775,-99.2033,Splinx,Pepsi,F7819F
681,19.476,-99.1858,Fitcore,Pepsi,F7819F
682,19.4802,-99.1988,Ronelon,Pepsi,F7819F
683,19.5012,-99.2049,Orbiflex,Pepsi,F7819F
684,19.4808,-99.2001,Avenetro,Pepsi,F7819F
685,19.4943,-99.2003,Tellifly,Pepsi,F7819F
686,19.477,-99.1794,Fuelworks,Pepsi,F7819F
687,19.491,-99.2114,Kenegy,Pepsi,F7819F
688,19.4776,-99.2053,Vitricomp,Pepsi,F7819F
689,19.4789,-99.1822,Gorganic,Pepsi,F7819F
690,19.4819,-99.2023,Eventage,Pepsi,F7819F
691,19.4919,-99.204,Utarian,Pepsi,F7819F
692,19.4806,-99.1823,Imant,Pepsi,F7819F
693,19.4893,-99.1813,Artiq,Pepsi,F7819F
694,19.4774,-99.1786,Suremax,Pepsi,F7819F
695,19.4924,-99.2041,Accel,Pepsi,F7819F
696,19.4823,-99.193,Pyramia,Pepsi,F7819F
697,19.4842,-99.1973,Gaptec,Pepsi,F7819F
698,19.5073,-99.2027,Accupharm,Pepsi,F7819F
699,19.4889,-99.2119,Andershun,Pepsi,F7819F
700,19.4776,-99.1951,Tourmania,Pepsi,F7819F
701,19.475,-99.1864,Recrisys,Pepsi,F7819F
702,19.4918,-99.2093,Comtrail,Pepsi,F7819F
703,19.5086,-99.2056,Applidec,Pepsi,F7819F
704,19.508,-99.1856,Mantro,Pepsi,F7819F
705,19.4957,-99.2054,Zounds,Pepsi,F7819F
706,19.4867,-99.1882,Isologics,Pepsi,F7819F
707,19.5039,-99.1845,Zilla,Pepsi,F7819F
708,19.4775,-99.191,Marqet,Pepsi,F7819F
709,19.4997,-99.1991,Podunk,Pepsi,F7819F
710,19.4973,-99.2032,Wrapture,Pepsi,F7819F
711,19.506,-99.1945,Buzzmaker,Pepsi,F7819F
712,19.5105,-99.206,Stralum,Pepsi,F7819F
713,19.485,-99.1958,Quility,Pepsi,F7819F
714,19.4889,-99.209,Futuris,Pepsi,F7819F
715,19.5033,-99.2004,Quiltigen,Pepsi,F7819F
716,19.5084,-99.2,Envire,Pepsi,F7819F
717,19.4956,-99.2082,Straloy,Pepsi,F7819F
718,19.489,-99.1895,Netagy,Pepsi,F7819F
719,19.4832,-99.2099,Volax,Pepsi,F7819F
720,19.4961,-99.2,Maroptic,Pepsi,F7819F
721,19.4858,-99.1982,Kage,Pepsi,F7819F
722,19.5043,-99.191,Jumpstack,Pepsi,F7819F
723,19.4873,-99.1976,Koffee,Pepsi,F7819F
724,19.4948,-99.1909,Geeky,Pepsi,F7819F
725,19.4749,-99.2063,Illumity,Pepsi,F7819F
726,19.4745,-99.2081,Cincyr,Pepsi,F7819F
727,19.4923,-99.2083,Zentime,Pepsi,F7819F
728,19.5003,-99.1848,Dancerity,Pepsi,F7819F
729,19.4805,-99.1906,Sultraxin,Pepsi,F7819F
730,19.4752,-99.1828,Automon,Pepsi,F7819F
731,19.4987,-99.2017,Cedward,Pepsi,F7819F
732,19.4787,-99.2014,Zepitope,Pepsi,F7819F
733,19.4788,-99.2053,Twiist,Pepsi,F7819F
734,19.4882,-99.1977,Circum,Pepsi,F7819F
735,19.5031,-99.194,Globoil,Pepsi,F7819F
736,19.4756,-99.2106,Zentry,Pepsi,F7819F
737,19.4946,-99.2115,Norali,Pepsi,F7819F
738,19.4875,-99.1905,Elentrix,Pepsi,F7819F
739,19.4747,-99.201,Parleynet,Pepsi,F7819F
740,19.4763,-99.1902,Paprikut,Pepsi,F7819F
741,19.4823,-99.1984,Pearlessa,Pepsi,F7819F
742,19.4747,-99.2072,Decratex,Pepsi,F7819F
743,19.4913,-99.209,Conjurica,Pepsi,F7819F
744,19.4938,-99.1814,Sloganaut,Pepsi,F7819F
745,19.4754,-99.1983,Pivitol,Pepsi,F7819F
746,19.501,-99.2072,Bedlam,Pepsi,F7819F
747,19.4981,-99.1807,Kangle,Pepsi,F7819F
748,19.4909,-99.2012,Canopoly,Pepsi,F7819F
749,19.4908,-99.1902,Pholio,Pepsi,F7819F
750,19.5068,-99.1924,Zillacon,Pepsi,F7819F
751,19.4811,-99.1904,Orbixtar,Pepsi,F7819F
752,19.4957,-99.1798,Opportech,Pepsi,F7819F
753,19.5022,-99.1997,Mixers,Pepsi,F7819F
754,19.5017,-99.1866,Opticom,Pepsi,F7819F
755,19.4981,-99.1926,Emoltra,Pepsi,F7819F
756,19.4772,-99.1894,Zedalis,Pepsi,F7819F
757,19.5059,-99.1844,Omnigog,Pepsi,F7819F
758,19.4876,-99.1911,Scentric,Pepsi,F7819F
759,19.4807,-99.2031,Exosis,Pepsi,F7819F
760,19.4997,-99.1809,Limozen,Pepsi,F7819F
761,19.5069,-99.2067,Xurban,Pepsi,F7819F
762,19.4779,-99.1865,Uneeq,Pepsi,F7819F
763,19.503,-99.2072,Melbacor,Pepsi,F7819F
764,19.4865,-99.2072,Providco,Pepsi,F7819F
765,19.4992,-99.1904,Ultrasure,Pepsi,F7819F
766,19.5078,-99.1938,Xleen,Pepsi,F7819F
767,19.4992,-99.1792,Translink,Pepsi,F7819F
768,19.475,-99.1916,Mangelica,Pepsi,F7819F
769,19.4835,-99.1836,Gracker,Pepsi,F7819F
770,19.4942,-99.1823,Biospan,Pepsi,F7819F
771,19.4797,-99.1803,Comveyor,Pepsi,F7819F
772,19.5,-99.1987,Buzzworks,Pepsi,F7819F
773,19.4829,-99.2099,Zanilla,Pepsi,F7819F
774,19.4987,-99.2115,Pharmacon,Pepsi,F7819F
775,19.5004,-99.1977,Sentia,Pepsi,F7819F
776,19.5076,-99.2053,Vertide,Pepsi,F7819F
777,19.4964,-99.1808,Cytrek,Pepsi,F7819F
778,19.4934,-99.1802,Ewaves,Pepsi,F7819F
779,19.4947,-99.1859,Frolix,Pepsi,F7819F
780,19.4869,-99.2095,Emtrak,Pepsi,F7819F
781,19.5015,-99.2002,Golistic,Pepsi,F7819F
782,19.4963,-99.2087,Digitalus,Pepsi,F7819F
783,19.4915,-99.1845,Proxsoft,Pepsi,F7819F
784,19.5044,-99.1801,Rocklogic,Pepsi,F7819F
785,19.5083,-99.1902,Edecine,Pepsi,F7819F
786,19.4919,-99.2003,Pearlesex,Pepsi,F7819F
787,19.4843,-99.1987,Plasmos,Pepsi,F7819F
788,19.4809,-99.1933,Uni,Pepsi,F7819F
789,19.4841,-99.2044,Viagreat,Pepsi,F7819F
790,19.4936,-99.2064,Insectus,Pepsi,F7819F
791,19.5107,-99.2036,Dentrex,Pepsi,F7819F
792,19.4846,-99.1922,Mitroc,Pepsi,F7819F
793,19.4856,-99.1884,Fortean,Pepsi,F7819F
794,19.4863,-99.2037,Netbook,Pepsi,F7819F
795,19.502,-99.2007,Overplex,Pepsi,F7819F
796,19.5062,-99.18,Portalis,Pepsi,F7819F
797,19.4875,-99.196,Viagrand,Pepsi,F7819F
798,19.5088,-99.1908,Genmom,Pepsi,F7819F
799,19.4843,-99.2008,Amril,Modelo,FE2E2E
800,19.4851,-99.1942,Puria,Modelo,FE2E2E
801,19.4946,-99.1918,Genmy,Modelo,FE2E2E
802,19.5034,-99.2014,Neteria,Modelo,FE2E2E
803,19.5089,-99.1981,Imperium,Modelo,FE2E2E
804,19.475,-99.1967,Rooforia,Modelo,FE2E2E
805,19.4788,-99.2111,Icology,Modelo,FE2E2E
806,19.5062,-99.2084,Virva,Modelo,FE2E2E
807,19.4953,-99.2122,Aclima,Modelo,FE2E2E
808,19.5089,-99.1885,Boilcat,Modelo,FE2E2E
809,19.4865,-99.2085,Concility,Modelo,FE2E2E
810,19.4927,-99.2052,Duoflex,Modelo,FE2E2E
811,19.4902,-99.1932,Xplor,Modelo,FE2E2E
812,19.5024,-99.2113,Marvane,Modelo,FE2E2E
813,19.4873,-99.1976,Acrodance,Modelo,FE2E2E
814,19.4779,-99.1922,Geekol,Modelo,FE2E2E
815,19.5004,-99.2105,Ovium,Modelo,FE2E2E
816,19.4764,-99.2007,Solgan,Modelo,FE2E2E
817,19.4767,-99.185,Spacewax,Modelo,FE2E2E
818,19.4857,-99.186,Moltonic,Modelo,FE2E2E
819,19.5106,-99.1808,Zillanet,Modelo,FE2E2E
820,19.4988,-99.1949,Exovent,Modelo,FE2E2E
821,19.4768,-99.1849,Quilk,Modelo,FE2E2E
822,19.4754,-99.1978,Nexgene,Modelo,FE2E2E
823,19.5058,-99.2026,Strezzo,Modelo,FE2E2E
824,19.4988,-99.1843,Peticular,Modelo,FE2E2E
825,19.4786,-99.2121,Pulze,Modelo,FE2E2E
826,19.504,-99.1997,Pawnagra,Modelo,FE2E2E
827,19.4829,-99.1968,Xinware,Modelo,FE2E2E
828,19.5093,-99.1822,Xymonk,Modelo,FE2E2E
829,19.4757,-99.2077,Multron,Modelo,FE2E2E
830,19.4749,-99.1818,Portico,Modelo,FE2E2E
831,19.489,-99.2102,Dyno,Modelo,FE2E2E
832,19.4843,-99.1956,Neocent,Modelo,FE2E2E
833,19.5095,-99.2064,Zytrex,Modelo,FE2E2E
834,19.4809,-99.1914,Cablam,Modelo,FE2E2E
835,19.498,-99.1837,Sportan,Modelo,FE2E2E
836,19.4842,-99.1973,Baluba,Modelo,FE2E2E
837,19.4887,-99.1881,Zogak,Modelo,FE2E2E
838,19.4987,-99.194,Nixelt,Modelo,FE2E2E
839,19.4821,-99.1798,Anarco,Modelo,FE2E2E
840,19.4935,-99.21,Visalia,Modelo,FE2E2E
841,19.5072,-99.1904,Interodeo,Modelo,FE2E2E
842,19.5066,-99.1828,Zilencio,Modelo,FE2E2E
843,19.5098,-99.2094,Eclipto,Modelo,FE2E2E
844,19.5001,-99.1893,Gonkle,Modelo,FE2E2E
845,19.5093,-99.2084,Avit,Modelo,FE2E2E
846,19.5042,-99.1979,Xanide,Modelo,FE2E2E
847,19.49,-99.1992,Comtours,Modelo,FE2E2E
848,19.4978,-99.2035,Talkola,Modelo,FE2E2E
849,19.4754,-99.2086,Hatology,Modelo,FE2E2E
850,19.4777,-99.1881,Enomen,Modelo,FE2E2E
851,19.5084,-99.1927,Minga,Modelo,FE2E2E
852,19.4833,-99.1817,Viocular,Modelo,FE2E2E
853,19.4965,-99.2117,Paprikut,Modelo,FE2E2E
854,19.4824,-99.2025,Pharmex,Modelo,FE2E2E
855,19.5056,-99.2006,Kenegy,Modelo,FE2E2E
856,19.5011,-99.1856,Centregy,Modelo,FE2E2E
857,19.4766,-99.2003,Plasmosis,Modelo,FE2E2E
858,19.503,-99.1888,Pearlesex,Modelo,FE2E2E
859,19.475,-99.1988,Junipoor,Modelo,FE2E2E
860,19.4983,-99.2072,Everest,Modelo,FE2E2E
861,19.4959,-99.2085,Ontagene,Modelo,FE2E2E
862,19.5078,-99.1856,Amtas,Modelo,FE2E2E
863,19.5031,-99.1837,Equitox,Modelo,FE2E2E
864,19.4914,-99.2008,Ceprene,Modelo,FE2E2E
865,19.5029,-99.2023,Exiand,Modelo,FE2E2E
866,19.4981,-99.1887,Goko,Modelo,FE2E2E
867,19.4783,-99.1811,Balooba,Modelo,FE2E2E
868,19.4832,-99.188,Enervate,Modelo,FE2E2E
869,19.5101,-99.2,Immunics,Modelo,FE2E2E
870,19.4839,-99.207,Edecine,Modelo,FE2E2E
871,19.5032,-99.1957,Earthpure,Modelo,FE2E2E
872,19.5007,-99.1928,Talendula,Modelo,FE2E2E
873,19.489,-99.2039,Hawkster,Modelo,FE2E2E
874,19.493,-99.1831,Geeketron,Modelo,FE2E2E
875,19.5001,-99.1967,Comtrak,Modelo,FE2E2E
876,19.5008,-99.2002,Geostele,Modelo,FE2E2E
877,19.4917,-99.2041,Accupharm,Modelo,FE2E2E
878,19.5041,-99.1939,Bolax,Modelo,FE2E2E
879,19.484,-99.2112,Biospan,Modelo,FE2E2E
880,19.4822,-99.2093,Nspire,Modelo,FE2E2E
881,19.4885,-99.1872,Uniworld,Modelo,FE2E2E
882,19.5059,-99.1845,Realmo,Modelo,FE2E2E
883,19.4978,-99.1797,Cubicide,Modelo,FE2E2E
884,19.51,-99.2069,Stucco,Modelo,FE2E2E
885,19.4823,-99.2079,Tripsch,Modelo,FE2E2E
886,19.4828,-99.1988,Geekular,Modelo,FE2E2E
887,19.5076,-99.203,Quordate,Modelo,FE2E2E
888,19.4796,-99.2002,Vitricomp,Modelo,FE2E2E
889,19.4797,-99.2008,Emtrak,Modelo,FE2E2E
890,19.4996,-99.212,Lyria,Modelo,FE2E2E
891,19.4788,-99.2092,Ecraze,Modelo,FE2E2E
892,19.495,-99.1827,Sarasonic,Modelo,FE2E2E
893,19.5006,-99.2113,Cinaster,Modelo,FE2E2E
894,19.4907,-99.1815,Microluxe,Modelo,FE2E2E
895,19.479,-99.209,Terrago,Modelo,FE2E2E
896,19.4933,-99.186,Elita,Modelo,FE2E2E
897,19.4863,-99.1788,Fiberox,Modelo,FE2E2E
898,19.4965,-99.1939,Lumbrex,Modelo,FE2E2E
899,19.4948,-99.1935,Sonique,Modelo,FE2E2E
900,19.4874,-99.2095,Unq,Modelo,FE2E2E
901,19.491,-99.1832,Bunga,Modelo,FE2E2E
902,19.5034,-99.1852,Norali,Modelo,FE2E2E
903,19.5023,-99.1873,Jetsilk,Modelo,FE2E2E
904,19.5087,-99.1811,Insource,Modelo,FE2E2E
905,19.5041,-99.193,Prowaste,Modelo,FE2E2E
906,19.5042,-99.1877,Dreamia,Modelo,FE2E2E
907,19.4753,-99.1884,Recrisys,Modelo,FE2E2E
908,19.491,-99.207,Supportal,Modelo,FE2E2E
909,19.4806,-99.2112,Locazone,Modelo,FE2E2E
910,19.4744,-99.2015,Shepard,Modelo,FE2E2E
911,19.4863,-99.1803,Zaphire,Modelo,FE2E2E
912,19.4966,-99.1897,Petigems,Modelo,FE2E2E
913,19.4993,-99.1993,Bittor,Modelo,FE2E2E
914,19.4856,-99.2014,Fortean,Modelo,FE2E2E
915,19.4981,-99.1808,Geekus,Modelo,FE2E2E
916,19.5083,-99.2114,Orboid,Modelo,FE2E2E
917,19.4842,-99.186,Euron,Modelo,FE2E2E
918,19.4907,-99.2024,Orbean,Modelo,FE2E2E
919,19.4928,-99.2049,Cytrex,Modelo,FE2E2E
920,19.4997,-99.2021,Exospeed,Modelo,FE2E2E
921,19.4808,-99.2089,Zipak,Modelo,FE2E2E
922,19.4755,-99.1831,Dancerity,Modelo,FE2E2E
923,19.5055,-99.1967,Stelaecor,Modelo,FE2E2E
924,19.4831,-99.1843,Printspan,Modelo,FE2E2E
925,19.4843,-99.1891,Powernet,Modelo,FE2E2E
926,19.4811,-99.2117,Isotrack,Modelo,FE2E2E
927,19.4975,-99.1872,Medesign,Modelo,FE2E2E
928,19.4748,-99.182,Maximind,Modelo,FE2E2E
929,19.4796,-99.1823,Trasola,Modelo,FE2E2E
930,19.4926,-99.1845,Jamnation,Modelo,FE2E2E
931,19.5022,-99.2102,Norsul,Modelo,FE2E2E
932,19.5057,-99.2008,Gology,Modelo,FE2E2E
933,19.5019,-99.1925,Suremax,Modelo,FE2E2E
934,19.5029,-99.2048,Zoid,Modelo,FE2E2E
935,19.4952,-99.2063,Tubalum,Modelo,FE2E2E
936,19.5067,-99.2043,Datagene,Modelo,FE2E2E
937,19.489,-99.2105,Manufact,Modelo,FE2E2E
938,19.4949,-99.208,Vinch,Modelo,FE2E2E
939,19.4838,-99.194,Matrixity,Modelo,FE2E2E
940,19.5067,-99.1815,Terascape,Modelo,FE2E2E
941,19.5067,-99.1903,Ovolo,Modelo,FE2E2E
942,19.4806,-99.2045,Anocha,Modelo,FE2E2E
943,19.5061,-99.1798,Neptide,Modelo,FE2E2E
944,19.4958,-99.2056,Earthmark,Modelo,FE2E2E
945,19.4866,-99.1953,Geekology,Modelo,FE2E2E
946,19.4924,-99.2062,Applidec,Modelo,FE2E2E
947,19.4847,-99.1895,Organica,Modelo,FE2E2E
948,19.4886,-99.2046,Velity,Modelo,FE2E2E
949,19.4942,-99.1804,Codax,Modelo,FE2E2E
950,19.4831,-99.1788,Virxo,Modelo,FE2E2E
951,19.4806,-99.1898,Updat,Modelo,FE2E2E
952,19.5018,-99.1966,Opportech,Modelo,FE2E2E
953,19.4984,-99.2026,Talkalot,Modelo,FE2E2E
954,19.5106,-99.19,Kengen,Modelo,FE2E2E
955,19.4801,-99.2076,Telequiet,Modelo,FE2E2E
956,19.4803,-99.2121,Kaggle,Modelo,FE2E2E
957,19.5026,-99.1865,Anivet,Modelo,FE2E2E
958,19.5036,-99.1951,Retrotex,Modelo,FE2E2E
959,19.4782,-99.1989,Comcubine,Modelo,FE2E2E
960,19.4968,-99.1835,Equitax,Modelo,FE2E2E
961,19.4836,-99.211,Shopabout,Modelo,FE2E2E
962,19.4987,-99.2029,Xylar,Modelo,FE2E2E
963,19.4774,-99.1874,Kyagoro,Modelo,FE2E2E
964,19.4912,-99.1916,Koffee,Modelo,FE2E2E
965,19.5073,-99.1974,Magnina,Modelo,FE2E2E
966,19.4941,-99.2017,Rugstars,Modelo,FE2E2E
967,19.5107,-99.2064,Canopoly,Modelo,FE2E2E
968,19.4842,-99.1889,Circum,Modelo,FE2E2E
969,19.4846,-99.1829,Netbook,Modelo,FE2E2E
970,19.5004,-99.1826,Exoswitch,Modelo,FE2E2E
971,19.4917,-99.2023,Xsports,Modelo,FE2E2E
972,19.4948,-99.1923,Zentix,Modelo,FE2E2E
973,19.5047,-99.2096,Photobin,Modelo,FE2E2E
974,19.5108,-99.196,Letpro,Modelo,FE2E2E
975,19.4987,-99.1907,Xth,Modelo,FE2E2E
976,19.503,-99.1955,Valpreal,Modelo,FE2E2E
977,19.4868,-99.1826,Gushkool,Modelo,FE2E2E
978,19.4976,-99.2084,Ontality,Modelo,FE2E2E
979,19.4818,-99.1856,Roughies,Modelo,FE2E2E
980,19.4888,-99.1843,Deminimum,Modelo,FE2E2E
981,19.5011,-99.1959,Noralex,Modelo,FE2E2E
982,19.5033,-99.2108,Ersum,Modelo,FE2E2E
983,19.4839,-99.1798,Bluegrain,Modelo,FE2E2E
984,19.4843,-99.206,Eventex,Modelo,FE2E2E
985,19.5089,-99.2026,Deepends,Modelo,FE2E2E
986,19.5008,-99.1861,Dragbot,Modelo,FE2E2E
987,19.4805,-99.1827,Quantasis,Modelo,FE2E2E
988,19.507,-99.212,Idealis,Modelo,FE2E2E
989,19.4797,-99.1875,Comtent,Modelo,FE2E2E
990,19.4811,-99.2088,Neurocell,Modelo,FE2E2E
991,19.4892,-99.1892,Boink,Modelo,FE2E2E
992,19.4929,-99.1845,Fibrodyne,Modelo,FE2E2E
993,19.4915,-99.1963,Eplosion,Modelo,FE2E2E
994,19.5079,-99.202,Jimbies,Modelo,FE2E2E
995,19.476,-99.1821,Turnling,Modelo,FE2E2E
996,19.5039,-99.1995,Waretel,Modelo,FE2E2E
997,19.5019,-99.1892,Frosnex,Modelo,FE2E2E
998,19.4787,-99.2105,Venoflex,Modelo,FE2E2E
999,19.4786,-99.1854,Endipine,Modelo,FE2E2E
1000,19.4932,-99.2074,Geekwagon,Modelo,FE2E2E
1001,19.5021,-99.1844,Bitrex,Modelo,FE2E2E
1002,19.4816,-99.1941,Octocore,Modelo,FE2E2E
1003,19.5001,-99.1939,Izzby,Modelo,FE2E2E
1004,19.4851,-99.1797,Orbiflex,Modelo,FE2E2E
1005,19.4823,-99.2049,Zogak,Modelo,FE2E2E
1006,19.5007,-99.1808,Nixelt,Modelo,FE2E2E
1007,19.4754,-99.2037,Anarco,Modelo,FE2E2E
1008,19.4946,-99.2012,Visalia,Modelo,FE2E2E
1009,19.5052,-99.2104,Interodeo,Modelo,FE2E2E
1010,19.4995,-99.1981,Zilencio,Modelo,FE2E2E
1011,19.4923,-99.2054,Eclipto,Modelo,FE2E2E
1012,19.4958,-99.1985,Gonkle,Modelo,FE2E2E
1013,19.4932,-99.1802,Avit,Modelo,FE2E2E
1014,19.4801,-99.2058,Xanide,Modelo,FE2E2E
1015,19.5055,-99.2072,Comtours,Modelo,FE2E2E
1016,19.494,-99.2055,Talkola,Modelo,FE2E2E
1017,19.4965,-99.1988,Hatology,Modelo,FE2E2E
1018,19.4997,-99.1982,Enomen,Modelo,FE2E2E
1019,19.5019,-99.1972,Minga,Modelo,FE2E2E
1020,19.5095,-99.1894,Viocular,Modelo,FE2E2E
1021,19.503,-99.2079,Paprikut,Modelo,FE2E2E
1022,19.508,-99.2047,Pharmex,Modelo,FE2E2E
1023,19.4907,-99.1959,Kenegy,Modelo,FE2E2E
1024,19.4802,-99.2106,Centregy,Modelo,FE2E2E
1025,19.4851,-99.1962,Plasmosis,Modelo,FE2E2E
1026,19.475,-99.2102,Pearlesex,Modelo,FE2E2E
1027,19.4916,-99.2096,Junipoor,Modelo,FE2E2E
1028,19.4774,-99.1955,Everest,Modelo,FE2E2E
1029,19.4985,-99.2078,Ontagene,Modelo,FE2E2E
1030,19.5068,-99.2115,Amtas,Modelo,FE2E2E
1031,19.4974,-99.2003,Equitox,Modelo,FE2E2E
1032,19.4754,-99.2009,Ceprene,Modelo,FE2E2E
1033,19.4897,-99.2067,Applica,Modelo,FE2E2E
1034,19.4921,-99.2029,Strozen,Modelo,FE2E2E
1035,19.4848,-99.1971,Flyboyz,Modelo,FE2E2E
1036,19.4794,-99.2,Beadzza,Modelo,FE2E2E
1037,19.5065,-99.2007,Kage,Modelo,FE2E2E
1038,19.492,-99.1931,Geekmosis,Modelo,FE2E2E
1039,19.4971,-99.1897,Rubadub,Modelo,FE2E2E
1040,19.4989,-99.1854,Proxsoft,Modelo,FE2E2E
1041,19.489,-99.2073,Gynko,Modelo,FE2E2E
1042,19.4926,-99.2058,Exozent,Modelo,FE2E2E
1043,19.4992,-99.2058,Zoxy,Modelo,FE2E2E
1044,19.4936,-99.2112,Genmex,Modelo,FE2E2E
1045,19.4834,-99.1974,Pharmacon,Modelo,FE2E2E
1046,19.4764,-99.2054,Ginkogene,Modelo,FE2E2E
1047,19.5076,-99.1982,Sybixtex,Modelo,FE2E2E
1048,19.5092,-99.2089,Tingles,Modelo,FE2E2E
1049,19.5044,-99.1829,Ecolight,Modelo,FE2E2E
1050,19.502,-99.1921,Cujo,Modelo,FE2E2E
1051,19.4791,-99.1972,Caxt,Modelo,FE2E2E
1052,19.4987,-99.201,Inventure,Modelo,FE2E2E
1053,19.5098,-99.1793,Pivitol,Modelo,FE2E2E
1054,19.5018,-99.2004,Ozean,Modelo,FE2E2E
1055,19.4938,-99.2118,Slofast,Modelo,FE2E2E
1056,19.5004,-99.2052,Marketoid,Modelo,FE2E2E
1057,19.4917,-99.1827,Overfork,Modelo,FE2E2E
1058,19.4886,-99.1935,Zillacom,Modelo,FE2E2E
1059,19.4886,-99.1966,Gaptec,Modelo,FE2E2E
1060,19.4917,-99.1999,Furnigeer,Modelo,FE2E2E
1061,19.479,-99.1907,Confrenzy,Modelo,FE2E2E
1062,19.4973,-99.2093,Comvey,Modelo,FE2E2E
1063,19.5055,-99.2103,Zytrek,Modelo,FE2E2E
1064,19.4946,-99.2003,Pasturia,Modelo,FE2E2E
1065,19.5016,-99.1909,Enerforce,Modelo,FE2E2E
1066,19.504,-99.2091,Acusage,Modelo,FE2E2E
1067,19.4966,-99.1867,Gleamink,Modelo,FE2E2E
1068,19.4873,-99.2029,Cosmetex,Modelo,FE2E2E
1069,19.5053,-99.1817,Ohmnet,Modelo,FE2E2E
1070,19.4963,-99.1829,Exodoc,Modelo,FE2E2E
1071,19.5093,-99.2097,Otherside,Modelo,FE2E2E
1072,19.4785,-99.1841,Rodemco,Modelo,FE2E2E
1073,19.5051,-99.1923,Crustatia,Modelo,FE2E2E
1074,0,0,EL OASIS,Heineken,FFFF00
1075,19.483821,-99.087258,SAN DIEGO,Heineken,FFFF00
1076,19.481201,-99.087212,SAN PABLO,Heineken,FFFF00
1077,19.482081999,-99.085138,R-LAURITA,Heineken,FFFF00
1078,19.4816,-99.076962,LIBRA,Heineken,FFFF00
1079,19.481172,-99.075402,RAQUELITO,Heineken,FFFF00
1080,19.476596,-99.070332,E2- EL SOL,Heineken,FFFF00
1081,19.476801999,-99.08520199,POBLANA,Heineken,FFFF00
1082,19.482773,-99.083344,DON QUIN,Heineken,FFFF00
1083,19.482076,-99.07963,JALISCO,Heineken,FFFF00
1084,19.482609,-99.08327199,LOS GUEROS,Heineken,FFFF00
1085,19.484138999,-99.08139599,LOS MORENO,Heineken,FFFF00
1086,19.478861999,-99.08929999,DOãA EMILIA,Heineken,FFFF00
1087,19.485209,-99.08719499,5-EL GUERO,Heineken,FFFF00
1088,19.488274,-99.06891,OXXO PROVIDENCIA,Heineken,FFFF00
1089,19.4837846,-99.079344,R- LUEDAN,Heineken,FFFF00
1090,19.4953013,-99.072532,3RA EDICION,Heineken,FFFF00
1091,19.4753687,-99.07089,5-GABY,Heineken,FFFF00
1092,19.4801323,-99.081132,LA BARATA,Heineken,FFFF00
1093,19.4784224,-99.084058,Z5,Heineken,FFFF00
1094,19.4767405,-99.084235,5-LUPITA I,Heineken,FFFF00
1095,19.4814432,-99.075162,LA ESPERANZA,Heineken,FFFF00
1096,19.4973706,-99.072313,CREMERIA 2000,Heineken,FFFF00
1097,19.491439,-99.08189,LOS G EROS,Heineken,FFFF00
1098,19.484056,-99.079205,LA GRIS,Heineken,FFFF00
1099,19.491738,-99.08334,CUAUTLA,Heineken,FFFF00
1100,19.486333999,-99.07942199,5-LA JALICIENSE,Heineken,FFFF00
1101,19.477432,-99.070147,R-FATIMA,Heineken,FFFF00
1102,19.484581,-99.082787,LOS CACHONDOS,Heineken,FFFF00
1103,19.486691,-99.081907,GAMA,Heineken,FFFF00
1104,19.485769999,-99.075821,CENTRAL,Heineken,FFFF00
1105,19.486697,-99.07886,COMERCIAL,Heineken,FFFF00
1106,19.484537,-99.06827199,JUAN PABLO II,Heineken,FFFF00
1107,19.489969,-99.06943499,AKME,Heineken,FFFF00
1108,19.488942999,-99.06815799,ALEXANDER,Heineken,FFFF00
1109,19.486146,-99.068723,R-LA PUERTA DEL SOL,Heineken,FFFF00
1110,19.498132999,-99.076434,MIX LEON DE LOS ALDAMA,Heineken,FFFF00
1111,19.481279,-99.069483,5-LA MODERNA,Heineken,FFFF00
1112,19.488309,-99.07798099,E2 -MARLENE,Heineken,FFFF00
1113,19.487114999,-99.078736,YOLIA,Heineken,FFFF00
1114,19.489910999,-99.067615,MIKEY,Heineken,FFFF00
1115,19.474443999,-99.069748,OXXO PRADERA,Heineken,FFFF00
1116,19.486218,-99.08261899,YOLIS,Heineken,FFFF00
1117,19.4948164,-99.079859,SUPER NETO 25 DE JULIO,Heineken,FFFF00
1118,19.4920814,-99.074304,SUPER NETO SAN FELIPE DE JESUS,Heineken,FFFF00
1119,19.4804741,-99.066103,SUPER NETO REPUBLICA,Heineken,FFFF00
1120,19.4742374,-99.084828,SUPER NETO CAMINO SAN JUAN,Heineken,FFFF00
1121,19.4858781,-99.076189,SUPER NETO CAMPESTRE ARAGON,Heineken,FFFF00
1122,19.49182,-99.073646,SUPER NETO SAN FELIPE DE JESUS SP,Heineken,FFFF00
1123,19.4750588,-99.086,MINI SUPER,Heineken,FFFF00
1124,19.4886122,-99.081088,ABARROTES FANNY,Heineken,FFFF00
1125,19.493499,-99.06152299,ERIKA,Heineken,FFFF00
1126,19.500751,-99.078971,MELLI,Heineken,FFFF00
1127,19.501142,-99.076626,MEDINA,Heineken,FFFF00
1128,19.493504999,-99.06776499,5-TORRES,Heineken,FFFF00
1129,19.496535,-99.082019,IC- CUEPOPAN,Heineken,FFFF00
1130,19.500079,-99.077378,AARON,Heineken,FFFF00
1131,19.499319,-99.071245,E2-AMEYALLI,Heineken,FFFF00
1132,19.49465,-99.082693,E2-R-LA CHILINDRINA,Heineken,FFFF00
1133,19.495933999,-99.076875,MARU,Heineken,FFFF00
1134,19.501749,-99.07688199,DON OMAR,Heineken,FFFF00
1135,19.498722999,-99.073155,EL REGRESO,Heineken,FFFF00
1136,19.497907,-99.07043299,5-SUPER C,Heineken,FFFF00
1137,19.499784999,-99.07157499,MINI SUPER,Heineken,FFFF00
1138,19.494888,-99.065156,R-SOLARES,Heineken,FFFF00
1139,19.493605,-99.070074,PERLA DE OCCIDENTE,Heineken,FFFF00
1140,19.494889,-99.060952,LA FAVORITA,Heineken,FFFF00
1141,19.495352,-99.065517,5-LA TAPATIA,Heineken,FFFF00
1142,19.493698,-99.071452,SAN JUAN,Heineken,FFFF00
1143,19.495691,-99.071093,ANGEL,Heineken,FFFF00
1144,19.497454,-99.06982399,EL RETORNO,Heineken,FFFF00
1145,19.493122,-99.06617699,R-MONSE,Heineken,FFFF00
1146,19.488942999,-99.06815799,ALEXANDER,Heineken,FFFF00
1147,19.498097,-99.064007,GALLO DE ORO,Heineken,FFFF00
1148,19.495006,-99.06873299,SUSY,Heineken,FFFF00
1149,19.491893999,-99.06678499,HERMANOS PRADO,Heineken,FFFF00
1150,19.476918,-99.08422699,EL TIBURON 2000,Heineken,FFFF00
1151,19.494403,-99.066242,MONKY,Heineken,FFFF00
1152,19.4931099,-99.066567,R-MODELORAMA COCHO,Heineken,FFFF00
1153,19.4946888,-99.068364,TENORIO,Heineken,FFFF00
1154,19.4913647,-99.07269,E2- HORA,Heineken,FFFF00
1155,19.4941069,-99.081985,LA OAXAQUEãA,Heineken,FFFF00
1156,19.4936716,-99.08237,LA VENTANITA,Heineken,FFFF00
1157,19.4991678,-99.078057,ABTS ESPINOZA,Heineken,FFFF00
1158,19.4937348,-99.072543,MISC ARIADNA,Heineken,FFFF00
1159,19.476812,-99.086044,R-EL ROBLE,Heineken,FFFF00
1160,19.49817,-99.079319,IC -LA ABUELITA FELIZ,Heineken,FFFF00
1161,19.476495,-99.083313,LA GRAN BARATA,Heineken,FFFF00
1162,19.477391,-99.088733,FARO,Heineken,FFFF00
1163,19.478367,-99.082778,LOS BARRERA,Heineken,FFFF00
1164,19.473846,-99.081687,E2-R-LUIS ENRIQUE,Heineken,FFFF00
1165,19.475914,-99.08026,MATAMOROS,Heineken,FFFF00
1166,19.482081999,-99.085138,R-LAURITA,Heineken,FFFF00
1167,19.48141,-99.072651,PATY,Heineken,FFFF00
1168,19.480899,-99.084928,E2-PRIMAVERA,Heineken,FFFF00
1169,19.477657,-99.072591,CASA VELAZQUEZ,Heineken,FFFF00
1170,19.476116999,-99.08125499,POBLANITA,Heineken,FFFF00
1171,19.484546,-99.08301799,R-MAURITA,Heineken,FFFF00
1172,19.480437,-99.082291,RADHARANI,Heineken,FFFF00
1173,19.478517,-99.08277,KATY,Heineken,FFFF00
1174,19.481505,-99.071062,LA PALMA,Heineken,FFFF00
1175,19.479171,-99.078513,LA BURBUJA,Heineken,FFFF00
1176,19.478654,-99.073192,PATY,Heineken,FFFF00
1177,19.477916,-99.079799,MAZATLAN,Heineken,FFFF00
1178,19.47392,-99.08211699,CONCHITA BIP,Heineken,FFFF00
1179,19.481693,-99.07764,LA COMERCIAL III,Heineken,FFFF00
1180,19.478712999,-99.074081,LA JALICIENSE,Heineken,FFFF00
1181,19.475913,-99.08252299,E2-GODINEZ,Heineken,FFFF00
1182,19.488274,-99.06891,OXXO PROVIDENCIA,Heineken,FFFF00
1183,19.486381,-99.07936,DF SIX TRIUNFO,Heineken,FFFF00
1184,19.4875555,-99.075897,E2- SAN JUDITAS,Heineken,FFFF00
1185,19.4842751,-99.081407,BRI JESS,Heineken,FFFF00
1186,19.4824709,-99.083354,LOS ARCOS,Heineken,FFFF00
1187,19.4791742,-99.087521,ABARROTES MIRANDA,Heineken,FFFF00
1188,19.491439,-99.08189,LOS G EROS,Heineken,FFFF00
1189,19.491929,-99.079191,BETY,Heineken,FFFF00
1190,19.492551,-99.0782,PARAISO CERVECERO,Heineken,FFFF00
1191,19.491745,-99.08175199,ANGELA,Heineken,FFFF00
1192,19.48583,-99.07240099,LA TAPATIA,Heineken,FFFF00
1193,19.491738,-99.08334,CUAUTLA,Heineken,FFFF00
1194,19.486333999,-99.07942199,5-LA JALICIENSE,Heineken,FFFF00
1195,19.490017,-99.077802,MAGAZ,Heineken,FFFF00
1196,19.491572,-99.077707,LUPITA,Heineken,FFFF00
1197,19.491229,-99.081367,LA COMERCIAL,Heineken,FFFF00
1198,19.487342,-99.065727,5-R-EL SUPREMO,Heineken,FFFF00
1199,19.487562,-99.06563,IC- EL CRUCERO,Heineken,FFFF00
1200,19.489238,-99.08402599,L I M,Heineken,FFFF00
1201,19.485371,-99.071522,E2-YOLA,Heineken,FFFF00
1202,19.486933,-99.08247199,PROGRESO,Heineken,FFFF00
1203,19.4867,-99.06992,ROCIO,Heineken,FFFF00
1204,19.479259,-99.07179399,E2-SAN IGNACIO,Heineken,FFFF00
1205,19.488799,-99.081669,MARTINEZ,Heineken,FFFF00
1206,19.489628,-99.072117,LA CHIQUITA,Heineken,FFFF00
1207,19.49024,-99.07107,5-SHAIMY,Heineken,FFFF00
1208,19.491999,-99.08489,DON HIDALGO,Heineken,FFFF00
1209,19.49056053,-99.07731628,PASADITA,Heineken,FFFF00
1210,19.488942999,-99.06815799,ALEXANDER,Heineken,FFFF00
1211,19.486146,-99.068723,R-LA PUERTA DEL SOL,Heineken,FFFF00
1212,19.488896,-99.08043999,LOS ARCOS,Heineken,FFFF00
1213,19.47711,-99.081434,E2-EUGENIA,Heineken,FFFF00
1214,19.474443999,-99.069748,OXXO PRADERA,Heineken,FFFF00
1215,19.486218,-99.08261899,YOLIS,Heineken,FFFF00
1216,19.4882613,-99.077358,R-ADRY,Heineken,FFFF00
1217,19.4849296,-99.069862,E2- 5-LA DIVINA PROVIDENCIA,Heineken,FFFF00
1218,19.489485,-99.082166,E2- 5-VENTANITA ROSA,Heineken,FFFF00
1219,19.4913299,-99.077862,5-7-LA GUADALUPANA,Heineken,FFFF00
1220,19.4973706,-99.072313,CREMERIA 2000,Heineken,FFFF00
1221,19.4903174,-99.083813,SUPER AVENIDA,Heineken,FFFF00
1222,19.492009,-99.073794,MISCELANEA CAMARENA,Heineken,FFFF00
1223,19.4845293,-99.068508,FP-LUPITA 2000,Heineken,FFFF00
1224,19.493637,-99.081176,LA PALMA,Heineken,FFFF00
1225,19.4929,-99.076663,TAMAZULA,Heineken,FFFF00
1226,19.494461,-99.083671,MANOLO,Heineken,FFFF00
1227,19.496265,-99.081927,PROVEEDORA,Heineken,FFFF00
1228,19.495579,-99.08309,E2-MARIFER,Heineken,FFFF00
1229,19.490326,-99.063575,EVELIN,Heineken,FFFF00
1230,19.496535,-99.082019,IC- CUEPOPAN,Heineken,FFFF00
1231,19.499319,-99.071245,E2-AMEYALLI,Heineken,FFFF00
1232,19.49465,-99.082693,E2-R-LA CHILINDRINA,Heineken,FFFF00
1233,19.496758404,-99.08187871,E2- AB/PLUS LLANSERVI,Heineken,FFFF00
1234,19.494323,-99.079181,EL ENCANTO,Heineken,FFFF00
1235,19.493518,-99.07793999,FARMACIAS DEL NORTE,Heineken,FFFF00
1236,19.492956,-99.071247,MAGO,Heineken,FFFF00
1237,19.494888,-99.065156,R-SOLARES,Heineken,FFFF00
1238,19.492156,-99.06415599,5-MERCEDES,Heineken,FFFF00
1239,19.498327,-99.064567,LA VICTORIA,Heineken,FFFF00
1240,19.495006,-99.06873299,SUSY,Heineken,FFFF00
1241,19.476918,-99.08422699,EL TIBURON 2000,Heineken,FFFF00
1242,19.494403,-99.066242,MONKY,Heineken,FFFF00
1243,19.4931099,-99.066567,R-MODELORAMA COCHO,Heineken,FFFF00
1244,19.4953207,-99.068365,BONY,Heineken,FFFF00
1245,19.4942804,-99.066133,1-LA PERLA,Heineken,FFFF00
1246,19.4928625,-99.07645,LOS SAUCES,Heineken,FFFF00
1247,19.494356,-99.084034,EL OASIS,Heineken,FFFF00
1248,19.49817,-99.079319,IC -LA ABUELITA FELIZ,Heineken,FFFF00
1249,19.483821,-99.087258,SAN DIEGO,Heineken,FFFF00
1250,19.476495,-99.083313,LA GRAN BARATA,Heineken,FFFF00
1251,19.483023,-99.085437,DIEGOS,Heineken,FFFF00
1252,19.489731,-99.074454,1-PEREZ II,Heineken,FFFF00
1253,19.481201,-99.087212,SAN PABLO,Heineken,FFFF00
1254,19.473846,-99.081687,E2-R-LUIS ENRIQUE,Heineken,FFFF00
1255,19.482379,-99.08168,CAMPESTRE,Heineken,FFFF00
1256,19.4816,-99.076962,LIBRA,Heineken,FFFF00
1257,19.481172,-99.075402,RAQUELITO,Heineken,FFFF00
1258,19.476801999,-99.08520199,POBLANA,Heineken,FFFF00
1259,19.48151,-99.085686,LA PALOMA,Heineken,FFFF00
1260,19.481273,-99.087966,MARI ELENA,Heineken,FFFF00
1261,19.482773,-99.083344,DON QUIN,Heineken,FFFF00
1262,19.482076,-99.07963,JALISCO,Heineken,FFFF00
1263,19.481693,-99.07764,LA COMERCIAL III,Heineken,FFFF00
1264,19.482609,-99.08327199,LOS GUEROS,Heineken,FFFF00
1265,19.488942999,-99.06815799,ALEXANDER,Heineken,FFFF00
1266,19.491869999,-99.07851499,CASA BLANCA,Heineken,FFFF00
1267,19.485209,-99.08719499,5-EL GUERO,Heineken,FFFF00
1268,19.488274,-99.06891,OXXO PROVIDENCIA,Heineken,FFFF00
1269,19.4837846,-99.079344,R- LUEDAN,Heineken,FFFF00
1270,19.4953013,-99.072532,3RA EDICION,Heineken,FFFF00
1271,19.4784224,-99.084058,Z5,Heineken,FFFF00
1272,19.4767405,-99.084235,5-LUPITA I,Heineken,FFFF00
1273,19.4814432,-99.075162,LA ESPERANZA,Heineken,FFFF00
1274,19.4802404,-99.074052,LAS TORRES,Heineken,FFFF00
1275,19.4973706,-99.072313,CREMERIA 2000,Heineken,FFFF00
1276,19.4761534,-99.079862,YAMILE,Heineken,FFFF00
1277,19.491439,-99.08189,LOS G EROS,Heineken,FFFF00
1278,19.484056,-99.079205,LA GRIS,Heineken,FFFF00
1279,19.491738,-99.08334,CUAUTLA,Heineken,FFFF00
1280,19.486333999,-99.07942199,5-LA JALICIENSE,Heineken,FFFF00
1281,19.477432,-99.070147,R-FATIMA,Heineken,FFFF00
1282,19.4866513,-99.081423,5- EL RAYO,Heineken,FFFF00
1283,19.487562,-99.06563,IC- EL CRUCERO,Heineken,FFFF00
1284,19.486691,-99.081907,GAMA,Heineken,FFFF00
1285,19.482081999,-99.085138,R-LAURITA,Heineken,FFFF00
1286,19.486697,-99.07886,COMERCIAL,Heineken,FFFF00
1287,19.484537,-99.06827199,JUAN PABLO II,Heineken,FFFF00
1288,19.483775999,-99.077672,9-ADONAIS,Heineken,FFFF00
1289,19.489969,-99.06943499,AKME,Heineken,FFFF00
1290,19.483179,-99.06882199,E2- SUAREZ,Heineken,FFFF00
1291,19.488378999,-99.08487599,LUCY,Heineken,FFFF00
1292,19.488942999,-99.06815799,ALEXANDER,Heineken,FFFF00
1293,19.487591,-99.07751399,5-TONY,Heineken,FFFF00
1294,19.486146,-99.068723,R-LA PUERTA DEL SOL,Heineken,FFFF00
1295,19.498132999,-99.076434,MIX LEON DE LOS ALDAMA,Heineken,FFFF00
1296,19.484693,-99.073913,DIVERSIONES PIK,Heineken,FFFF00
1297,19.481279,-99.069483,5-LA MODERNA,Heineken,FFFF00
1298,19.488309,-99.07798099,E2 -MARLENE,Heineken,FFFF00
1299,19.487114999,-99.078736,YOLIA,Heineken,FFFF00
1300,19.489910999,-99.067615,MIKEY,Heineken,FFFF00
1301,19.474443999,-99.069748,OXXO PRADERA,Heineken,FFFF00
1302,19.486218,-99.08261899,YOLIS,Heineken,FFFF00
1303,19.4882613,-99.077358,R-ADRY,Heineken,FFFF00
1304,19.4948164,-99.079859,SUPER NETO 25 DE JULIO,Heineken,FFFF00
1305,19.4920814,-99.074304,SUPER NETO SAN FELIPE DE JESUS,Heineken,FFFF00
1306,19.4804741,-99.066103,SUPER NETO REPUBLICA,Heineken,FFFF00
1307,19.4742374,-99.084828,SUPER NETO CAMINO SAN JUAN,Heineken,FFFF00
1308,19.4858781,-99.076189,SUPER NETO CAMPESTRE ARAGON,Heineken,FFFF00
1309,19.49182,-99.073646,SUPER NETO SAN FELIPE DE JESUS SP,Heineken,FFFF00
1310,19.4750588,-99.086,MINI SUPER,Heineken,FFFF00
1311,19.4903174,-99.083813,SUPER AVENIDA,Heineken,FFFF00
1312,19.4886122,-99.081088,ABARROTES FANNY,Heineken,FFFF00
1313,19.4845293,-99.068508,FP-LUPITA 2000,Heineken,FFFF00
1314,19.494774,-99.074299,AZAN,Heineken,FFFF00
1315,19.494134,-99.078331,E2- ANTONIO HERNANDEZ VAZQUEZ,Heineken,FFFF00
1316,19.493499,-99.06152299,ERIKA,Heineken,FFFF00
1317,19.501142,-99.076626,MEDINA,Heineken,FFFF00
1318,19.493504999,-99.06776499,5-TORRES,Heineken,FFFF00
1319,19.496535,-99.082019,IC- CUEPOPAN,Heineken,FFFF00
1320,19.500079,-99.077378,AARON,Heineken,FFFF00
1321,19.49465,-99.082693,E2-R-LA CHILINDRINA,Heineken,FFFF00
1322,19.496501,-99.074732,E2-R-PEQUE,Heineken,FFFF00
1323,19.495933999,-99.076875,MARU,Heineken,FFFF00
1324,19.501749,-99.07688199,DON OMAR,Heineken,FFFF00
1325,19.498722999,-99.073155,EL REGRESO,Heineken,FFFF00
1326,19.497907,-99.07043299,5-SUPER C,Heineken,FFFF00
1327,19.499784999,-99.07157499,MINI SUPER,Heineken,FFFF00
1328,19.494711,-99.062954,EL BARDAGI,Heineken,FFFF00
1329,19.496509,-99.06303,MI TIENDITA,Heineken,FFFF00
1330,19.494888,-99.065156,R-SOLARES,Heineken,FFFF00
1331,19.494889,-99.060952,LA FAVORITA,Heineken,FFFF00
1332,19.495352,-99.065517,5-LA TAPATIA,Heineken,FFFF00
1333,19.49807,-99.066864,CAMPOS,Heineken,FFFF00
1334,19.494548999,-99.062393,WENDY,Heineken,FFFF00
1335,19.495033,-99.064822,LUPITA,Heineken,FFFF00
1336,19.497454,-99.06982399,EL RETORNO,Heineken,FFFF00
1337,19.488942999,-99.06815799,ALEXANDER,Heineken,FFFF00
1338,19.49682617,-99.06617737,LA NUEVA,Heineken,FFFF00
1339,19.498097,-99.064007,GALLO DE ORO,Heineken,FFFF00
1340,19.495006,-99.06873299,SUSY,Heineken,FFFF00
1341,19.491893999,-99.06678499,HERMANOS PRADO,Heineken,FFFF00
1342,19.489525,-99.073299,LA ISLA,Heineken,FFFF00
1343,19.476918,-99.08422699,EL TIBURON 2000,Heineken,FFFF00
1344,19.494403,-99.066242,MONKY,Heineken,FFFF00
1345,19.4931099,-99.066567,R-MODELORAMA COCHO,Heineken,FFFF00
1346,19.4907446,-99.069473,R-TOM DEPOT,Heineken,FFFF00
1347,19.4946888,-99.068364,TENORIO,Heineken,FFFF00
1348,19.4916171,-99.061835,VIKINGOS BEER,Heineken,FFFF00
1349,19.4934596,-99.08336,LA NUEVA,Heineken,FFFF00
1350,19.4941069,-99.081985,LA OAXAQUEãA,Heineken,FFFF00
1351,19.4936716,-99.08237,LA VENTANITA,Heineken,FFFF00
1352,19.4973279,-99.065982,5-CREMERIA Y ABARROTES,Heineken,FFFF00
1353,19.4991678,-99.078057,ABTS ESPINOZA,Heineken,FFFF00
1354,19.4937348,-99.072543,MISC ARIADNA,Heineken,FFFF00
1355,19.4940072,-99.07468,LA AURORA,Heineken,FFFF00
1356,19.476812,-99.086044,R-EL ROBLE,Heineken,FFFF00
1357,19.49817,-99.079319,IC -LA ABUELITA FELIZ,Heineken,FFFF00
1358,19.479744,-99.072193,E2-5 HERMANOS,Heineken,FFFF00
1359,19.484581,-99.082787,LOS CACHONDOS,Heineken,FFFF00
1360,19.477391,-99.088733,FARO,Heineken,FFFF00
1361,19.478367,-99.082778,LOS BARRERA,Heineken,FFFF00
1362,19.482081999,-99.085138,R-LAURITA,Heineken,FFFF00
1363,19.48141,-99.072651,PATY,Heineken,FFFF00
1364,19.480899,-99.084928,E2-PRIMAVERA,Heineken,FFFF00
1365,19.475047,-99.08806,E2-MEMES,Heineken,FFFF00
1366,19.476116999,-99.08125499,POBLANITA,Heineken,FFFF00
1367,19.480437,-99.082291,RADHARANI,Heineken,FFFF00
1368,19.481505,-99.071062,LA PALMA,Heineken,FFFF00
1369,19.479171,-99.078513,LA BURBUJA,Heineken,FFFF00
1370,19.478654,-99.073192,PATY,Heineken,FFFF00
1371,19.477916,-99.079799,MAZATLAN,Heineken,FFFF00
1372,19.47392,-99.08211699,CONCHITA BIP,Heineken,FFFF00
1373,19.481693,-99.07764,LA COMERCIAL III,Heineken,FFFF00
1374,19.478712999,-99.074081,LA JALICIENSE,Heineken,FFFF00
1375,19.475913,-99.08252299,E2-GODINEZ,Heineken,FFFF00
1376,19.484355,-99.08466099,TOKS EDUARDO MOLINA,Heineken,FFFF00
1377,19.488274,-99.06891,OXXO PROVIDENCIA,Heineken,FFFF00
1378,19.4837846,-99.079344,R- LUEDAN,Heineken,FFFF00
1379,19.486381,-99.07936,DF SIX TRIUNFO,Heineken,FFFF00
1380,19.4875555,-99.075897,E2- SAN JUDITAS,Heineken,FFFF00
1381,19.4842751,-99.081407,BRI JESS,Heineken,FFFF00
1382,19.4753855,-99.082177,AMADEUS,Heineken,FFFF00
1383,19.4791742,-99.087521,ABARROTES MIRANDA,Heineken,FFFF00
1384,19.491439,-99.08189,LOS G EROS,Heineken,FFFF00
1385,19.491233,-99.0786,E2-RICARDO PONCE,Heineken,FFFF00
1386,19.49817,-99.079319,IC -LA ABUELITA FELIZ,Heineken,FFFF00
1387,19.491745,-99.08175199,ANGELA,Heineken,FFFF00
1388,19.491588,-99.081151,PINCKY,Heineken,FFFF00
1389,19.48583,-99.07240099,LA TAPATIA,Heineken,FFFF00
1390,19.491738,-99.08334,CUAUTLA,Heineken,FFFF00
1391,19.491767,-99.080463,PICHON,Heineken,FFFF00
1392,19.490017,-99.077802,MAGAZ,Heineken,FFFF00
1393,19.491572,-99.077707,LUPITA,Heineken,FFFF00
1394,19.491229,-99.081367,LA COMERCIAL,Heineken,FFFF00
1395,19.487342,-99.065727,5-R-EL SUPREMO,Heineken,FFFF00
1396,19.487562,-99.06563,IC- EL CRUCERO,Heineken,FFFF00
1397,19.4867,-99.06992,ROCIO,Heineken,FFFF00
1398,19.475047,-99.08806,E2-MEMES,Heineken,FFFF00
1399,19.488799,-99.081669,MARTINEZ,Heineken,FFFF00
1400,19.489628,-99.072117,LA CHIQUITA,Heineken,FFFF00
1401,19.49024,-99.07107,5-SHAIMY,Heineken,FFFF00
1402,19.476801999,-99.08520199,POBLANA,Heineken,FFFF00
1403,19.489814,-99.073165,E2-LA ESPERANZA,Heineken,FFFF00
1404,19.491999,-99.08489,DON HIDALGO,Heineken,FFFF00
1405,19.49056053,-99.07731628,PASADITA,Heineken,FFFF00
1406,19.47916,-99.088413,E2- SARE,Heineken,FFFF00
1407,19.488810999,-99.069366,7-PONCHITO,Heineken,FFFF00
1408,19.489969,-99.06943499,AKME,Heineken,FFFF00
1409,19.488942999,-99.06815799,ALEXANDER,Heineken,FFFF00
1410,19.486146,-99.068723,R-LA PUERTA DEL SOL,Heineken,FFFF00
1411,19.488896,-99.08043999,LOS ARCOS,Heineken,FFFF00
1412,19.47711,-99.081434,E2-EUGENIA,Heineken,FFFF00
1413,19.491126,-99.08037899,SARITA,Heineken,FFFF00
1414,19.474443999,-99.069748,OXXO PRADERA,Heineken,FFFF00
1415,19.486218,-99.08261899,YOLIS,Heineken,FFFF00
1416,19.4882613,-99.077358,R-ADRY,Heineken,FFFF00
1417,19.4898952,-99.071797,5-MALIK,Heineken,FFFF00
1418,19.489485,-99.082166,E2- 5-VENTANITA ROSA,Heineken,FFFF00
1419,19.4977362,-99.065281,E2- DEPOSITO CARO,Heineken,FFFF00
1420,19.4913299,-99.077862,5-7-LA GUADALUPANA,Heineken,FFFF00
1421,19.4973706,-99.072313,CREMERIA 2000,Heineken,FFFF00
1422,19.4903174,-99.083813,SUPER AVENIDA,Heineken,FFFF00
1423,19.4929,-99.076663,TAMAZULA,Heineken,FFFF00
1424,19.494461,-99.083671,MANOLO,Heineken,FFFF00
1425,19.494054,-99.076553,MARIBEL,Heineken,FFFF00
1426,19.495579,-99.08309,E2-MARIFER,Heineken,FFFF00
1427,19.490326,-99.063575,EVELIN,Heineken,FFFF00
1428,19.496535,-99.082019,IC- CUEPOPAN,Heineken,FFFF00
1429,19.499319,-99.071245,E2-AMEYALLI,Heineken,FFFF00
1430,19.49465,-99.082693,E2-R-LA CHILINDRINA,Heineken,FFFF00
1431,19.496758404,-99.08187871,E2- AB/PLUS LLANSERVI,Heineken,FFFF00
1432,19.4928627,-99.07840729,DENISSE,Heineken,FFFF00
1433,19.494323,-99.079181,EL ENCANTO,Heineken,FFFF00
1434,19.493518,-99.07793999,FARMACIAS DEL NORTE,Heineken,FFFF00
1435,19.492956,-99.071247,MAGO,Heineken,FFFF00
1436,19.494888,-99.065156,R-SOLARES,Heineken,FFFF00
1437,19.476116999,-99.08125499,POBLANITA,Heineken,FFFF00
1438,19.494337,-99.067912,CASA JIMENEZ,Heineken,FFFF00
1439,19.491614,-99.075201,LOS TRES HERMANOS,Heineken,FFFF00
1440,19.498327,-99.064567,LA VICTORIA,Heineken,FFFF00
1441,19.495006,-99.06873299,SUSY,Heineken,FFFF00
1442,19.494102,-99.06126,CASTILLO,Heineken,FFFF00
1443,19.492338,-99.067059,R-JOSUE,Heineken,FFFF00
1444,19.476918,-99.08422699,EL TIBURON 2000,Heineken,FFFF00
1445,19.494403,-99.066242,MONKY,Heineken,FFFF00
1446,19.4931099,-99.066567,R-MODELORAMA COCHO,Heineken,FFFF00
1447,19.4914526,-99.07478,R-LA AURORA,Heineken,FFFF00
1448,19.4946888,-99.068364,TENORIO,Heineken,FFFF00
1449,19.4953207,-99.068365,BONY,Heineken,FFFF00
1450,19.4942804,-99.066133,1-LA PERLA,Heineken,FFFF00
1451,19.4985007,-99.069089,SAAVEDRA,Heineken,FFFF00
1452,19.4928625,-99.07645,LOS SAUCES,Heineken,FFFF00
1453,19.4936137,-99.077901,ABTS JESSICA,Heineken,FFFF00
1454,19.491233,-99.0786,E2-RICARDO PONCE,Heineken,FFFF00
1455,19.49817,-99.079319,IC -LA ABUELITA FELIZ,Heineken,FFFF00
1456,19.483821,-99.087258,SAN DIEGO,Heineken,FFFF00
1457,19.496535,-99.082019,IC- CUEPOPAN,Heineken,FFFF00
1458,19.476495,-99.083313,LA GRAN BARATA,Heineken,FFFF00
1459,19.487562,-99.06563,IC- EL CRUCERO,Heineken,FFFF00
1460,19.489731,-99.074454,1-PEREZ II,Heineken,FFFF00
1461,19.481201,-99.087212,SAN PABLO,Heineken,FFFF00
1462,19.473846,-99.081687,E2-R-LUIS ENRIQUE,Heineken,FFFF00
1463,19.482081999,-99.085138,R-LAURITA,Heineken,FFFF00
1464,19.4816,-99.076962,LIBRA,Heineken,FFFF00
1465,19.481172,-99.075402,RAQUELITO,Heineken,FFFF00
1466,19.476596,-99.070332,E2- EL SOL,Heineken,FFFF00
1467,19.476801999,-99.08520199,POBLANA,Heineken,FFFF00
1468,19.482773,-99.083344,DON QUIN,Heineken,FFFF00
1469,19.482076,-99.07963,JALISCO,Heineken,FFFF00
1470,19.481693,-99.07764,LA COMERCIAL III,Heineken,FFFF00
1471,19.482609,-99.08327199,LOS GUEROS,Heineken,FFFF00
1472,19.488942999,-99.06815799,ALEXANDER,Heineken,FFFF00
1473,19.491869999,-99.07851499,CASA BLANCA,Heineken,FFFF00
1474,19.485209,-99.08719499,5-EL GUERO,Heineken,FFFF00
1475,19.488274,-99.06891,OXXO PROVIDENCIA,Heineken,FFFF00
1476,19.4837846,-99.079344,R- LUEDAN,Heineken,FFFF00
1477,19.4953013,-99.072532,3RA EDICION,Heineken,FFFF00
1478,19.4784224,-99.084058,Z5,Heineken,FFFF00
1479,19.4802404,-99.074052,LAS TORRES,Heineken,FFFF00
1480,19.4913299,-99.077862,5-7-LA GUADALUPANA,Heineken,FFFF00
1481,19.4829935,-99.085695,CARLOS OCHOA GUZMAN,Heineken,FFFF00
1482,19.491439,-99.08189,LOS G EROS,Heineken,FFFF00
1483,19.491738,-99.08334,CUAUTLA,Heineken,FFFF00
1484,19.486333999,-99.07942199,5-LA JALICIENSE,Heineken,FFFF00
1485,19.477432,-99.070147,R-FATIMA,Heineken,FFFF00
1486,19.484581,-99.082787,LOS CACHONDOS,Heineken,FFFF00
1487,19.4866513,-99.081423,5- EL RAYO,Heineken,FFFF00
1488,19.487562,-99.06563,IC- EL CRUCERO,Heineken,FFFF00
1489,19.486691,-99.081907,GAMA,Heineken,FFFF00
1490,19.485769999,-99.075821,CENTRAL,Heineken,FFFF00
1491,19.484537,-99.06827199,JUAN PABLO II,Heineken,FFFF00
1492,19.483775999,-99.077672,9-ADONAIS,Heineken,FFFF00
1493,19.489969,-99.06943499,AKME,Heineken,FFFF00
1494,19.483179,-99.06882199,E2- SUAREZ,Heineken,FFFF00
1495,19.488378999,-99.08487599,LUCY,Heineken,FFFF00
1496,19.488942999,-99.06815799,ALEXANDER,Heineken,FFFF00
1497,19.487591,-99.07751399,5-TONY,Heineken,FFFF00
1498,19.486146,-99.068723,R-LA PUERTA DEL SOL,Heineken,FFFF00
1499,19.498132999,-99.076434,MIX LEON DE LOS ALDAMA,Heineken,FFFF00
1500,19.481279,-99.069483,5-LA MODERNA,Heineken,FFFF00
1501,19.487114999,-99.078736,YOLIA,Heineken,FFFF00
1502,19.489910999,-99.067615,MIKEY,Heineken,FFFF00
1503,19.474443999,-99.069748,OXXO PRADERA,Heineken,FFFF00
1504,19.4882613,-99.077358,R-ADRY,Heineken,FFFF00
1505,19.4750588,-99.086,MINI SUPER,Heineken,FFFF00
1506,19.4903174,-99.083813,SUPER AVENIDA,Heineken,FFFF00
1507,19.485982,-99.073392,JALICIENCE II,Heineken,FFFF00
1508,19.4845293,-99.068508,FP-LUPITA 2000,Heineken,FFFF00
1509,19.494774,-99.074299,AZAN,Heineken,FFFF00
1510,19.494134,-99.078331,E2- ANTONIO HERNANDEZ VAZQUEZ,Heineken,FFFF00
1511,19.493499,-99.06152299,ERIKA,Heineken,FFFF00
1512,19.500751,-99.078971,MELLI,Heineken,FFFF00
1513,19.493504999,-99.06776499,5-TORRES,Heineken,FFFF00
1514,19.500079,-99.077378,AARON,Heineken,FFFF00
1515,19.499319,-99.071245,E2-AMEYALLI,Heineken,FFFF00
1516,19.49465,-99.082693,E2-R-LA CHILINDRINA,Heineken,FFFF00
1517,19.496758404,-99.08187871,E2- AB/PLUS LLANSERVI,Heineken,FFFF00
1518,19.495933999,-99.076875,MARU,Heineken,FFFF00
1519,19.501749,-99.07688199,DON OMAR,Heineken,FFFF00
1520,19.491767,-99.080463,PICHON,Heineken,FFFF00
1521,19.497592999,-99.075162,LOS PAEZ,Heineken,FFFF00
1522,19.497907,-99.07043299,5-SUPER C,Heineken,FFFF00
1523,19.476332,-99.082225,FP-LA CREMITA,Heineken,FFFF00
1524,19.476495,-99.083313,LA GRAN BARATA,Heineken,FFFF00
1525,19.487562,-99.06563,IC- EL CRUCERO,Heineken,FFFF00
1526,19.494711,-99.062954,EL BARDAGI,Heineken,FFFF00
1527,19.496509,-99.06303,MI TIENDITA,Heineken,FFFF00
1528,19.494888,-99.065156,R-SOLARES,Heineken,FFFF00
1529,19.482081999,-99.085138,R-LAURITA,Heineken,FFFF00
1530,19.480899,-99.084928,E2-PRIMAVERA,Heineken,FFFF00
1531,19.494889,-99.060952,LA FAVORITA,Heineken,FFFF00
1532,19.475047,-99.08806,E2-MEMES,Heineken,FFFF00
1533,19.476116999,-99.08125499,POBLANITA,Heineken,FFFF00
1534,19.484546,-99.08301799,R-MAURITA,Heineken,FFFF00
1535,19.494548999,-99.062393,WENDY,Heineken,FFFF00
1536,19.479171,-99.078513,LA BURBUJA,Heineken,FFFF00
1537,19.477916,-99.079799,MAZATLAN,Heineken,FFFF00
1538,19.47392,-99.08211699,CONCHITA BIP,Heineken,FFFF00
1539,19.497454,-99.06982399,EL RETORNO,Heineken,FFFF00
1540,19.498097,-99.064007,GALLO DE ORO,Heineken,FFFF00
1541,19.495006,-99.06873299,SUSY,Heineken,FFFF00
1542,19.491893999,-99.06678499,HERMANOS PRADO,Heineken,FFFF00
1543,19.476918,-99.08422699,EL TIBURON 2000,Heineken,FFFF00
1544,19.488274,-99.06891,OXXO PROVIDENCIA,Heineken,FFFF00
1545,19.494403,-99.066242,MONKY,Heineken,FFFF00
1546,19.4907446,-99.069473,R-TOM DEPOT,Heineken,FFFF00
1547,19.4851258,-99.070152,E2- ONIX,Heineken,FFFF00
1548,19.4934596,-99.08336,LA NUEVA,Heineken,FFFF00
1549,19.4941069,-99.081985,LA OAXAQUEãA,Heineken,FFFF00
1550,19.4936716,-99.08237,LA VENTANITA,Heineken,FFFF00
1551,19.4968346,-99.080104,MISC MENESES,Heineken,FFFF00
1552,19.4842751,-99.081407,BRI JESS,Heineken,FFFF00
1553,19.4937348,-99.072543,MISC ARIADNA,Heineken,FFFF00
1554,19.4940072,-99.07468,LA AURORA,Heineken,FFFF00
1555,19.491439,-99.08189,LOS G EROS,Heineken,FFFF00
1556,19.492551,-99.0782,PARAISO CERVECERO,Heineken,FFFF00
1557,19.491745,-99.08175199,ANGELA,Heineken,FFFF00
1558,19.48583,-99.07240099,LA TAPATIA,Heineken,FFFF00
1559,19.491767,-99.080463,PICHON,Heineken,FFFF00
1560,19.486333999,-99.07942199,5-LA JALICIENSE,Heineken,FFFF00
1561,19.490017,-99.077802,MAGAZ,Heineken,FFFF00
1562,19.491572,-99.077707,LUPITA,Heineken,FFFF00
1563,19.484581,-99.082787,LOS CACHONDOS,Heineken,FFFF00
1564,19.487562,-99.06563,IC- EL CRUCERO,Heineken,FFFF00
1565,19.477391,-99.088733,FARO,Heineken,FFFF00
1566,19.489238,-99.08402599,L I M,Heineken,FFFF00
1567,19.482081999,-99.085138,R-LAURITA,Heineken,FFFF00
1568,19.478707,-99.084859,LA NUEVA,Heineken,FFFF00
1569,19.475047,-99.08806,E2-MEMES,Heineken,FFFF00
1570,19.488799,-99.081669,MARTINEZ,Heineken,FFFF00
1571,19.489628,-99.072117,LA CHIQUITA,Heineken,FFFF00
1572,19.491999,-99.08489,DON HIDALGO,Heineken,FFFF00
1573,19.481505,-99.071062,LA PALMA,Heineken,FFFF00
1574,19.478654,-99.073192,PATY,Heineken,FFFF00
1575,19.49056053,-99.07731628,PASADITA,Heineken,FFFF00
1576,19.47916,-99.088413,E2- SARE,Heineken,FFFF00
1577,19.481693,-99.07764,LA COMERCIAL III,Heineken,FFFF00
1578,19.478712999,-99.074081,LA JALICIENSE,Heineken,FFFF00
1579,19.488896,-99.08043999,LOS ARCOS,Heineken,FFFF00
1580,19.47711,-99.081434,E2-EUGENIA,Heineken,FFFF00
1581,19.474443999,-99.069748,OXXO PRADERA,Heineken,FFFF00
1582,19.486218,-99.08261899,YOLIS,Heineken,FFFF00
1583,19.4882613,-99.077358,R-ADRY,Heineken,FFFF00
1584,19.489485,-99.082166,E2- 5-VENTANITA ROSA,Heineken,FFFF00
1585,19.4953013,-99.072532,3RA EDICION,Heineken,FFFF00
1586,19.4851258,-99.070152,E2- ONIX,Heineken,FFFF00
1587,19.486381,-99.07936,DF SIX TRIUNFO,Heineken,FFFF00
1588,19.4875555,-99.075897,E2- SAN JUDITAS,Heineken,FFFF00
1589,19.4913299,-99.077862,5-7-LA GUADALUPANA,Heineken,FFFF00
1590,19.4903174,-99.083813,SUPER AVENIDA,Heineken,FFFF00
1591,19.4944848,-99.078589,LA BRUJA,Heineken,FFFF00
1592,19.4791742,-99.087521,ABARROTES MIRANDA,Heineken,FFFF00
1593,19.493637,-99.081176,LA PALMA,Heineken,FFFF00
1594,19.4929,-99.076663,TAMAZULA,Heineken,FFFF00
1595,19.494461,-99.083671,MANOLO,Heineken,FFFF00
1596,19.494134,-99.078331,E2- ANTONIO HERNANDEZ VAZQUEZ,Heineken,FFFF00
1597,19.495579,-99.08309,E2-MARIFER,Heineken,FFFF00
1598,19.490326,-99.063575,EVELIN,Heineken,FFFF00
1599,19.494355,-99.079136,LA LOTERIA,Heineken,FFFF00
1600,19.499319,-99.071245,E2-AMEYALLI,Heineken,FFFF00
1601,19.49465,-99.082693,E2-R-LA CHILINDRINA,Heineken,FFFF00
1602,19.49448395,-99.08175659,LOS GARCIA,Heineken,FFFF00
1603,19.496758404,-99.08187871,E2- AB/PLUS LLANSERVI,Heineken,FFFF00
1604,19.494323,-99.079181,EL ENCANTO,Heineken,FFFF00
1605,19.493518,-99.07793999,FARMACIAS DEL NORTE,Heineken,FFFF00
1606,19.492956,-99.071247,MAGO,Heineken,FFFF00
1607,19.494888,-99.065156,R-SOLARES,Heineken,FFFF00
1608,19.494337,-99.067912,CASA JIMENEZ,Heineken,FFFF00
1609,19.492156,-99.06415599,5-MERCEDES,Heineken,FFFF00
1610,19.498327,-99.064567,LA VICTORIA,Heineken,FFFF00
1611,19.493122,-99.06617699,R-MONSE,Heineken,FFFF00
1612,19.495006,-99.06873299,SUSY,Heineken,FFFF00
1613,19.494102,-99.06126,CASTILLO,Heineken,FFFF00
1614,19.492338,-99.067059,R-JOSUE,Heineken,FFFF00
1615,19.476918,-99.08422699,EL TIBURON 2000,Heineken,FFFF00
1616,19.494403,-99.066242,MONKY,Heineken,FFFF00
1617,19.4931099,-99.066567,R-MODELORAMA COCHO,Heineken,FFFF00
1618,19.4913647,-99.07269,E2- HORA,Heineken,FFFF00
1619,19.4942804,-99.066133,1-LA PERLA,Heineken,FFFF00
1620,19.4928625,-99.07645,LOS SAUCES,Heineken,FFFF00
1621,19.494356,-99.084034,EL OASIS,Heineken,FFFF00
1622,19.49817,-99.079319,IC -LA ABUELITA FELIZ,Heineken,FFFF00
1623,19.483821,-99.087258,SAN DIEGO,Heineken,FFFF00
1624,19.476495,-99.083313,LA GRAN BARATA,Heineken,FFFF00
1625,19.483023,-99.085437,DIEGOS,Heineken,FFFF00
1626,19.481201,-99.087212,SAN PABLO,Heineken,FFFF00
1627,19.477391,-99.088733,FARO,Heineken,FFFF00
1628,19.482379,-99.08168,CAMPESTRE,Heineken,FFFF00
1629,19.482081999,-99.085138,R-LAURITA,Heineken,FFFF00
1630,19.4816,-99.076962,LIBRA,Heineken,FFFF00
1631,19.481172,-99.075402,RAQUELITO,Heineken,FFFF00
1632,19.48058,-99.080471,5-LOS SAUCES,Heineken,FFFF00
1633,19.479684,-99.07846,E2- GUADALUPANA,Heineken,FFFF00
1634,19.481868,-99.080751,FE,Heineken,FFFF00
1635,19.476596,-99.070332,E2- EL SOL,Heineken,FFFF00
1636,19.476801999,-99.08520199,POBLANA,Heineken,FFFF00
1637,19.482773,-99.083344,DON QUIN,Heineken,FFFF00
1638,19.482076,-99.07963,JALISCO,Heineken,FFFF00
1639,19.481693,-99.07764,LA COMERCIAL III,Heineken,FFFF00
1640,19.482609,-99.08327199,LOS GUEROS,Heineken,FFFF00
1641,19.484138999,-99.08139599,LOS MORENO,Heineken,FFFF00
1642,19.491869999,-99.07851499,CASA BLANCA,Heineken,FFFF00
1643,19.485209,-99.08719499,5-EL GUERO,Heineken,FFFF00
1644,19.488274,-99.06891,OXXO PROVIDENCIA,Heineken,FFFF00
1645,19.4946888,-99.068364,TENORIO,Heineken,FFFF00
1646,19.4953013,-99.072532,3RA EDICION,Heineken,FFFF00
1647,19.4801323,-99.081132,LA BARATA,Heineken,FFFF00
1648,19.4784224,-99.084058,Z5,Heineken,FFFF00
1649,19.4814432,-99.075162,LA ESPERANZA,Heineken,FFFF00
1650,19.4802404,-99.074052,LAS TORRES,Heineken,FFFF00
1651,19.4973706,-99.072313,CREMERIA 2000,Heineken,FFFF00
1652,19.4761534,-99.079862,YAMILE,Heineken,FFFF00
1653,19.4829935,-99.085695,CARLOS OCHOA GUZMAN,Heineken,FFFF00
1654,19.491439,-99.08189,LOS G EROS,Heineken,FFFF00
1655,19.484056,-99.079205,LA GRIS,Heineken,FFFF00
1656,19.491738,-99.08334,CUAUTLA,Heineken,FFFF00
1657,19.477432,-99.070147,R-FATIMA,Heineken,FFFF00
1658,19.484581,-99.082787,LOS CACHONDOS,Heineken,FFFF00
1659,19.487562,-99.06563,IC- EL CRUCERO,Heineken,FFFF00
1660,19.485769999,-99.075821,CENTRAL,Heineken,FFFF00
1661,19.486697,-99.07886,COMERCIAL,Heineken,FFFF00
1662,19.484285,-99.077527,LA PROVIDENCIA,Heineken,FFFF00
1663,19.484537,-99.06827199,JUAN PABLO II,Heineken,FFFF00
1664,19.483775999,-99.077672,9-ADONAIS,Heineken,FFFF00
1665,19.489969,-99.06943499,AKME,Heineken,FFFF00
1666,19.483179,-99.06882199,E2- SUAREZ,Heineken,FFFF00
1667,19.488378999,-99.08487599,LUCY,Heineken,FFFF00
1668,19.485499,-99.082783,ALEX,Heineken,FFFF00
1669,19.488942999,-99.06815799,ALEXANDER,Heineken,FFFF00
1670,19.487591,-99.07751399,5-TONY,Heineken,FFFF00
1671,19.486146,-99.068723,R-LA PUERTA DEL SOL,Heineken,FFFF00
1672,19.498132999,-99.076434,MIX LEON DE LOS ALDAMA,Heineken,FFFF00
1673,19.481279,-99.069483,5-LA MODERNA,Heineken,FFFF00
1674,19.488309,-99.07798099,E2 -MARLENE,Heineken,FFFF00
1675,19.487114999,-99.078736,YOLIA,Heineken,FFFF00
1676,19.489910999,-99.067615,MIKEY,Heineken,FFFF00
1677,19.483618,-99.07728,JAS CINTAS,Heineken,FFFF00
1678,19.474443999,-99.069748,OXXO PRADERA,Heineken,FFFF00
1679,19.486218,-99.08261899,YOLIS,Heineken,FFFF00
1680,19.4948164,-99.079859,SUPER NETO 25 DE JULIO,Heineken,FFFF00
1681,19.4920814,-99.074304,SUPER NETO SAN FELIPE DE JESUS,Heineken,FFFF00
1682,19.4804741,-99.066103,SUPER NETO REPUBLICA,Heineken,FFFF00
1683,19.4742374,-99.084828,SUPER NETO CAMINO SAN JUAN,Heineken,FFFF00
1684,19.4858781,-99.076189,SUPER NETO CAMPESTRE ARAGON,Heineken,FFFF00
1685,19.49182,-99.073646,SUPER NETO SAN FELIPE DE JESUS SP,Heineken,FFFF00
1686,19.4750588,-99.086,MINI SUPER,Heineken,FFFF00
1687,19.4903174,-99.083813,SUPER AVENIDA,Heineken,FFFF00
1688,19.494774,-99.074299,AZAN,Heineken,FFFF00
1689,19.502465,-99.076236,E2- MARTHA,Heineken,FFFF00
1690,19.500751,-99.078971,MELLI,Heineken,FFFF00
1691,19.501142,-99.076626,MEDINA,Heineken,FFFF00
1692,19.493504999,-99.06776499,5-TORRES,Heineken,FFFF00
1693,19.499319,-99.071245,E2-AMEYALLI,Heineken,FFFF00
1694,19.49465,-99.082693,E2-R-LA CHILINDRINA,Heineken,FFFF00
1695,19.496758404,-99.08187871,E2- AB/PLUS LLANSERVI,Heineken,FFFF00
1696,19.496501,-99.074732,E2-R-PEQUE,Heineken,FFFF00
1697,19.495933999,-99.076875,MARU,Heineken,FFFF00
1698,19.501749,-99.07688199,DON OMAR,Heineken,FFFF00
1699,19.497907,-99.07043299,5-SUPER C,Heineken,FFFF00
1700,19.499784999,-99.07157499,MINI SUPER,Heineken,FFFF00
1701,19.496509,-99.06303,MI TIENDITA,Heineken,FFFF00
1702,19.494888,-99.065156,R-SOLARES,Heineken,FFFF00
1703,19.494889,-99.060952,LA FAVORITA,Heineken,FFFF00
1704,19.495352,-99.065517,5-LA TAPATIA,Heineken,FFFF00
1705,19.49807,-99.066864,CAMPOS,Heineken,FFFF00
1706,19.494548999,-99.062393,WENDY,Heineken,FFFF00
1707,19.491177,-99.06831,5- SAN FELIPE,Heineken,FFFF00
1708,19.497454,-99.06982399,EL RETORNO,Heineken,FFFF00
1709,19.493122,-99.06617699,R-MONSE,Heineken,FFFF00
1710,19.49682617,-99.06617737,LA NUEVA,Heineken,FFFF00
1711,19.498097,-99.064007,GALLO DE ORO,Heineken,FFFF00
1712,19.495006,-99.06873299,SUSY,Heineken,FFFF00
1713,19.491893999,-99.06678499,HERMANOS PRADO,Heineken,FFFF00
1714,19.476918,-99.08422699,EL TIBURON 2000,Heineken,FFFF00
1715,19.484355,-99.08466099,TOKS EDUARDO MOLINA,Heineken,FFFF00
1716,19.494403,-99.066242,MONKY,Heineken,FFFF00
1717,19.4931099,-99.066567,R-MODELORAMA COCHO,Heineken,FFFF00
1718,19.4907446,-99.069473,R-TOM DEPOT,Heineken,FFFF00
1719,19.4934596,-99.08336,LA NUEVA,Heineken,FFFF00
1720,19.4941069,-99.081985,LA OAXAQUEãA,Heineken,FFFF00
1721,19.4936716,-99.08237,LA VENTANITA,Heineken,FFFF00
1722,19.4968346,-99.080104,MISC MENESES,Heineken,FFFF00
1723,19.4985007,-99.069089,SAAVEDRA,Heineken,FFFF00
1724,19.4973279,-99.065982,5-CREMERIA Y ABARROTES,Heineken,FFFF00
1725,19.4991678,-99.078057,ABTS ESPINOZA,Heineken,FFFF00
1726,19.4937348,-99.072543,MISC ARIADNA,Heineken,FFFF00
1727,19.4920141,-99.074304,MINISUPER PEREZ,Heineken,FFFF00
1728,19.476812,-99.086044,R-EL ROBLE,Heineken,FFFF00
1729,19.49817,-99.079319,IC -LA ABUELITA FELIZ,Heineken,FFFF00
1730,19.496535,-99.082019,IC- CUEPOPAN,Heineken,FFFF00
1731,19.491767,-99.080463,PICHON,Heineken,FFFF00
1732,19.476332,-99.082225,FP-LA CREMITA,Heineken,FFFF00
1733,19.484581,-99.082787,LOS CACHONDOS,Heineken,FFFF00
1734,19.479863,-99.082677,DORADO,Heineken,FFFF00
1735,19.477391,-99.088733,FARO,Heineken,FFFF00
1736,19.473846,-99.081687,E2-R-LUIS ENRIQUE,Heineken,FFFF00
1737,19.475914,-99.08026,MATAMOROS,Heineken,FFFF00
1738,19.482081999,-99.085138,R-LAURITA,Heineken,FFFF00
1739,19.48141,-99.072651,PATY,Heineken,FFFF00
1740,19.478707,-99.084859,LA NUEVA,Heineken,FFFF00
1741,19.480899,-99.084928,E2-PRIMAVERA,Heineken,FFFF00
1742,19.477657,-99.072591,CASA VELAZQUEZ,Heineken,FFFF00
1743,19.475047,-99.08806,E2-MEMES,Heineken,FFFF00
1744,19.476116999,-99.08125499,POBLANITA,Heineken,FFFF00
1745,19.484546,-99.08301799,R-MAURITA,Heineken,FFFF00
1746,19.478653,-99.084566,JOSE LUIS,Heineken,FFFF00
1747,19.480437,-99.082291,RADHARANI,Heineken,FFFF00
1748,19.481505,-99.071062,LA PALMA,Heineken,FFFF00
1749,19.479171,-99.078513,LA BURBUJA,Heineken,FFFF00
1750,19.478654,-99.073192,PATY,Heineken,FFFF00
1751,19.477916,-99.079799,MAZATLAN,Heineken,FFFF00
1752,19.47392,-99.08211699,CONCHITA BIP,Heineken,FFFF00
1753,19.481693,-99.07764,LA COMERCIAL III,Heineken,FFFF00
1754,19.478712999,-99.074081,LA JALICIENSE,Heineken,FFFF00
1755,19.479742999,-99.068284,PATY III,Heineken,FFFF00
1756,19.474409999,-99.084607,UNICA,Heineken,FFFF00
1757,19.488274,-99.06891,OXXO PROVIDENCIA,Heineken,FFFF00
1758,19.4875555,-99.075897,E2- SAN JUDITAS,Heineken,FFFF00
1759,19.4842751,-99.081407,BRI JESS,Heineken,FFFF00
1760,19.4756177,-99.081305,MISCELANEA ESTRELLA,Heineken,FFFF00
1761,19.491439,-99.08189,LOS G EROS,Heineken,FFFF00
1762,19.491635,-99.079404,GUERRERO,Heineken,FFFF00
1763,19.491588,-99.081151,PINCKY,Heineken,FFFF00
1764,19.48583,-99.07240099,LA TAPATIA,Heineken,FFFF00
1765,19.486333999,-99.07942199,5-LA JALICIENSE,Heineken,FFFF00
1766,19.490017,-99.077802,MAGAZ,Heineken,FFFF00
1767,19.491572,-99.077707,LUPITA,Heineken,FFFF00
1768,19.487342,-99.065727,5-R-EL SUPREMO,Heineken,FFFF00
1769,19.487562,-99.06563,IC- EL CRUCERO,Heineken,FFFF00
1770,19.486953,-99.072556,POLLO DE ORO,Heineken,FFFF00
1771,19.491432,-99.075462,EL PORVENIR,Heineken,FFFF00
1772,19.485371,-99.071522,E2-YOLA,Heineken,FFFF00
1773,19.475047,-99.08806,E2-MEMES,Heineken,FFFF00
1774,19.489628,-99.072117,LA CHIQUITA,Heineken,FFFF00
1775,19.49024,-99.07107,5-SHAIMY,Heineken,FFFF00
1776,19.476801999,-99.08520199,POBLANA,Heineken,FFFF00
1777,19.489814,-99.073165,E2-LA ESPERANZA,Heineken,FFFF00
1778,19.49056053,-99.07731628,PASADITA,Heineken,FFFF00
1779,19.47916,-99.088413,E2- SARE,Heineken,FFFF00
1780,19.486737,-99.078248,E2-ALICIA,Heineken,FFFF00
1781,19.489969,-99.06943499,AKME,Heineken,FFFF00
1782,19.488942999,-99.06815799,ALEXANDER,Heineken,FFFF00
1783,19.486931,-99.06468499,CASA VARGAS SUC CAMPESTRE,Heineken,FFFF00
1784,19.486146,-99.068723,R-LA PUERTA DEL SOL,Heineken,FFFF00
1785,19.488896,-99.08043999,LOS ARCOS,Heineken,FFFF00
1786,19.474443999,-99.069748,OXXO PRADERA,Heineken,FFFF00
1787,19.486218,-99.08261899,YOLIS,Heineken,FFFF00
1788,19.4898952,-99.071797,5-MALIK,Heineken,FFFF00
1789,19.4973706,-99.072313,CREMERIA 2000,Heineken,FFFF00
1790,19.4903174,-99.083813,SUPER AVENIDA,Heineken,FFFF00
1791,19.4845293,-99.068508,FP-LUPITA 2000,Heineken,FFFF00
1792,19.493637,-99.081176,LA PALMA,Heineken,FFFF00
1793,19.494461,-99.083671,MANOLO,Heineken,FFFF00
1794,19.494134,-99.078331,E2- ANTONIO HERNANDEZ VAZQUEZ,Heineken,FFFF00
1795,19.494054,-99.076553,MARIBEL,Heineken,FFFF00
1796,19.495579,-99.08309,E2-MARIFER,Heineken,FFFF00
1797,19.490326,-99.063575,EVELIN,Heineken,FFFF00
1798,19.499319,-99.071245,E2-AMEYALLI,Heineken,FFFF00
1799,19.49465,-99.082693,E2-R-LA CHILINDRINA,Heineken,FFFF00
1800,19.496758404,-99.08187871,E2- AB/PLUS LLANSERVI,Heineken,FFFF00
1801,19.4928627,-99.07840729,DENISSE,Heineken,FFFF00
1802,19.494323,-99.079181,EL ENCANTO,Heineken,FFFF00
1803,19.493518,-99.07793999,FARMACIAS DEL NORTE,Heineken,FFFF00
1804,19.494888,-99.065156,R-SOLARES,Heineken,FFFF00
1805,19.498327,-99.064567,LA VICTORIA,Heineken,FFFF00
1806,19.495006,-99.06873299,SUSY,Heineken,FFFF00
1807,19.494403,-99.066242,MONKY,Heineken,FFFF00
1808,19.4931099,-99.066567,R-MODELORAMA COCHO,Heineken,FFFF00
1809,19.4914526,-99.07478,R-LA AURORA,Heineken,FFFF00
1810,19.4907446,-99.069473,R-TOM DEPOT,Heineken,FFFF00
1811,19.4953207,-99.068365,BONY,Heineken,FFFF00
1812,19.4942804,-99.066133,1-LA PERLA,Heineken,FFFF00
1813,19.4928625,-99.07645,LOS SAUCES,Heineken,FFFF00
1814,19.494356,-99.084034,EL OASIS,Heineken,FFFF00
1815,19.481539,-99.079839,SANCHEZ,Heineken,FFFF00
1816,19.483821,-99.087258,SAN DIEGO,Heineken,FFFF00
1817,19.496535,-99.082019,IC- CUEPOPAN,Heineken,FFFF00
1818,19.476332,-99.082225,FP-LA CREMITA,Heineken,FFFF00
1819,19.476495,-99.083313,LA GRAN BARATA,Heineken,FFFF00
1820,19.489731,-99.074454,1-PEREZ II,Heineken,FFFF00
1821,19.481201,-99.087212,SAN PABLO,Heineken,FFFF00
1822,19.482081999,-99.085138,R-LAURITA,Heineken,FFFF00
1823,19.476596,-99.070332,E2- EL SOL,Heineken,FFFF00
1824,19.476801999,-99.08520199,POBLANA,Heineken,FFFF00
1825,19.482773,-99.083344,DON QUIN,Heineken,FFFF00
1826,19.481693,-99.07764,LA COMERCIAL III,Heineken,FFFF00
1827,19.484138999,-99.08139599,LOS MORENO,Heineken,FFFF00
1828,19.478861999,-99.08929999,DOãA EMILIA,Heineken,FFFF00
1829,19.491869999,-99.07851499,CASA BLANCA,Heineken,FFFF00
1830,19.485209,-99.08719499,5-EL GUERO,Heineken,FFFF00
1831,19.488274,-99.06891,OXXO PROVIDENCIA,Heineken,FFFF00
1832,19.4837846,-99.079344,R- LUEDAN,Heineken,FFFF00
1833,19.4953013,-99.072532,3RA EDICION,Heineken,FFFF00
1834,19.4753687,-99.07089,5-GABY,Heineken,FFFF00
1835,19.4851258,-99.070152,E2- ONIX,Heineken,FFFF00
1836,19.4801323,-99.081132,LA BARATA,Heineken,FFFF00
1837,19.4973706,-99.072313,CREMERIA 2000,Heineken,FFFF00
1838,19.491439,-99.08189,LOS G EROS,Heineken,FFFF00
1839,19.484056,-99.079205,LA GRIS,Heineken,FFFF00
1840,19.494356,-99.084034,EL OASIS,Heineken,FFFF00
1841,19.491738,-99.08334,CUAUTLA,Heineken,FFFF00
1842,19.491767,-99.080463,PICHON,Heineken,FFFF00
1843,19.477432,-99.070147,R-FATIMA,Heineken,FFFF00
1844,19.484581,-99.082787,LOS CACHONDOS,Heineken,FFFF00
1845,19.4866513,-99.081423,5- EL RAYO,Heineken,FFFF00
1846,19.487562,-99.06563,IC- EL CRUCERO,Heineken,FFFF00
1847,19.482802,-99.068202,E2-PEQUE,Heineken,FFFF00
1848,19.486691,-99.081907,GAMA,Heineken,FFFF00
1849,19.486697,-99.07886,COMERCIAL,Heineken,FFFF00
1850,19.48746,-99.084978,LA CHATITA,Heineken,FFFF00
1851,19.484285,-99.077527,LA PROVIDENCIA,Heineken,FFFF00
1852,19.484537,-99.06827199,JUAN PABLO II,Heineken,FFFF00
1853,19.489969,-99.06943499,AKME,Heineken,FFFF00
1854,19.483179,-99.06882199,E2- SUAREZ,Heineken,FFFF00
1855,19.488378999,-99.08487599,LUCY,Heineken,FFFF00
1856,19.488942999,-99.06815799,ALEXANDER,Heineken,FFFF00
1857,19.487591,-99.07751399,5-TONY,Heineken,FFFF00
1858,19.498132999,-99.076434,MIX LEON DE LOS ALDAMA,Heineken,FFFF00
1859,19.481279,-99.069483,5-LA MODERNA,Heineken,FFFF00
1860,19.487114999,-99.078736,YOLIA,Heineken,FFFF00
1861,19.489910999,-99.067615,MIKEY,Heineken,FFFF00
1862,19.474443999,-99.069748,OXXO PRADERA,Heineken,FFFF00
1863,19.486218,-99.08261899,YOLIS,Heineken,FFFF00
1864,19.4882613,-99.077358,R-ADRY,Heineken,FFFF00
1865,19.4948164,-99.079859,SUPER NETO 25 DE JULIO,Heineken,FFFF00
1866,19.4920814,-99.074304,SUPER NETO SAN FELIPE DE JESUS,Heineken,FFFF00
1867,19.4804741,-99.066103,SUPER NETO REPUBLICA,Heineken,FFFF00
1868,19.4858781,-99.076189,SUPER NETO CAMPESTRE ARAGON,Heineken,FFFF00
1869,19.49182,-99.073646,SUPER NETO SAN FELIPE DE JESUS SP,Heineken,FFFF00
1870,19.4750588,-99.086,MINI SUPER,Heineken,FFFF00
1871,19.482621,-99.084383,LAS QUINCE LETRAS,Heineken,FFFF00
1872,19.485982,-99.073392,JALICIENCE II,Heineken,FFFF00
